Number,MendeleevNumber,AtomicWeight,MeltingT,Column,Row,CovalentRadius,Electronegativity,NsValence,NpValence,NdValence,NfValence,NValence,NsUnfilled,NpUnfilled,NdUnfilled,NfUnfilled,NUnfilled,GSvolume_pa,GSbandgap,GSmagmom,SpaceGroupNumber,K_VRH
18.0,95.66666666666667,40.5982688,74.26333333333334,17.333333333333332,2.6666666666666665,76.66666666666667,3.6533333333333338,2.0,5.333333333333333,3.3333333333333335,0.0,10.666666666666666,0.0,0.6666666666666666,0.0,0.0,0.6666666666666666,18.491666666666667,3.8249999999999997,0.0,85.0,42.0
17.8,64.3,39.37473192,158.536,11.8,3.0,110.7,2.815,1.7,3.1,1.0,0.0,5.8,0.3,1.1,0.0,0.0,1.4,33.16541666667,1.182,0.0,84.1,15.0
23.0,88.625,54.1613024,132.55,16.0,2.875,76.625,3.48,2.0,4.0,2.5,1.75,10.25,0.0,1.25,0.0,0.0,1.25,14.5959482758625,1.4775,0.0,49.625,3.0
10.0,82.375,20.36934825,158.39375,15.0,2.375,84.5,2.72125,2.0,3.0,0.0,0.0,5.0,0.0,3.0,0.0,0.0,3.0,17.6943080357,4.6325,0.0,122.0,145.0
8.4,69.0,16.998933856,119.66399999999999,12.8,2.2,87.0,2.858,1.8,3.0,0.0,0.0,4.8,0.2,1.8,0.0,0.0,2.0,14.265416666659998,1.2874,0.0,91.8,27.0
8.5,77.25,17.01069275,112.63125,10.25,2.125,79.5,2.64625,1.625,2.375,0.0,0.0,4.0,0.375,1.375,0.0,0.0,1.75,18.165863095237498,2.166375,0.0,83.375,24.0
19.0,65.3,42.967578847999995,222.05699999999996,12.0,3.0,108.7,2.85,1.7,3.3,1.0,0.0,6.0,0.3,0.9,0.0,0.0,1.2,30.049333333329997,1.182,0.0,94.3,44.0
25.8,78.6,61.546978848,214.878,14.2,3.1,92.0,2.9859999999999998,1.9,3.3,3.0,2.8,11.0,0.1,2.1,0.0,0.0,2.2,16.016583333329997,1.182,0.0,77.1,116.0
21.666666666666668,86.16666666666667,50.54376666666666,201.36166666666668,15.666666666666666,2.8333333333333335,85.83333333333333,3.111666666666667,2.0,3.6666666666666665,1.6666666666666667,2.3333333333333335,9.666666666666666,0.0,2.3333333333333335,0.0,0.0,2.3333333333333335,15.0528125,0.367,0.0,57.166666666666664,40.0
15.333333333333334,31.0,31.398666666666667,242.61999999999998,6.0,3.3333333333333335,157.33333333333334,1.6933333333333334,1.3333333333333333,1.3333333333333333,0.0,0.0,2.6666666666666665,0.6666666666666666,0.6666666666666666,0.0,0.0,1.3333333333333333,51.772777777799995,0.0,0.0,156.66666666666666,27.0
4.666666666666667,73.83333333333333,9.000511313333332,226.73000000000002,3.0,1.6666666666666667,68.5,1.89,1.1666666666666667,0.16666666666666666,0.0,0.0,1.3333333333333333,0.8333333333333334,0.8333333333333334,0.0,0.0,1.6666666666666667,12.03055555555,5.235333333333333,0.0,205.0,19.0
8.857142857142858,71.28571428571429,17.73117142857143,213.32857142857142,13.142857142857142,2.2857142857142856,86.0,2.7485714285714287,2.0,2.5714285714285716,0.0,0.0,4.571428571428571,0.0,2.5714285714285716,0.0,0.0,2.5714285714285716,18.05464285714286,5.517428571428572,0.0,198.42857142857142,45.0
24.8,64.5,59.1125623,195.487,11.8,3.2,110.3,2.806,1.7,3.1,1.0,1.4,7.2,0.3,1.1,0.0,0.0,1.4,33.32783333333,1.182,0.0,97.1,29.0
17.428571428571427,63.42857142857143,38.1426,176.06857142857143,11.714285714285714,3.0,115.57142857142857,2.5685714285714285,1.7142857142857142,2.857142857142857,0.0,0.0,4.571428571428571,0.2857142857142857,1.4285714285714286,0.0,0.0,1.7142857142857142,34.807410714285716,0.31457142857142856,0.0,82.28571428571429,25.0
7.714285714285714,62.57142857142857,15.706371428571428,216.42000000000002,11.714285714285714,2.142857142857143,89.28571428571429,2.6142857142857143,1.7142857142857142,2.857142857142857,0.0,0.0,4.571428571428571,0.2857142857142857,1.4285714285714286,0.0,0.0,1.7142857142857142,13.627648809514286,0.31457142857142856,0.0,82.28571428571429,42.0
13.6,49.4,28.683619999999998,318.5,9.2,2.8,117.0,2.066,1.6,1.6,2.0,0.0,5.2,0.4,0.8,0.0,0.0,1.2,24.374000000000002,0.0,0.0,135.2,58.0
11.777777777777779,68.77777777777777,27.45679761777778,318.5777777777778,2.0,2.0,72.66666666666667,1.9266666666666667,1.0,0.0,1.0,1.5555555555555556,3.5555555555555554,1.0,0.0,0.1111111111111111,0.0,1.1111111111111112,12.577407407399999,5.235333333333333,0.0,205.22222222222223,23.0
7.5,84.75,14.99706965,264.27,11.5,2.0,71.0,2.6725000000000003,1.75,2.25,0.0,0.0,4.0,0.25,2.25,0.0,0.0,2.5,10.32625,1.96325,0.0,110.75,114.0
16.4,62.0,36.285383347999996,283.579,11.2,2.9,108.7,2.8,1.7,3.0,0.5,0.0,5.2,0.3,0.6,0.5,0.0,1.4,27.942091954019997,1.182,3.10120689655e-05,99.4,17.0
19.6,58.1,44.774700428,310.90500000000003,10.8,3.1,116.6,2.775,1.7,3.0,0.1,0.0,4.8,0.3,0.6,0.9,0.0,1.8,34.125333333330005,1.182,6.350000000000001e-07,97.1,19.0
25.8,57.4,62.997593856,289.654,10.4,3.2,110.2,2.5060000000000002,1.8,2.4,0.0,1.2,5.4,0.2,1.2,0.0,1.6,3.0,14.927666666659999,0.0,0.0636007275,55.2,73.0
36.0,89.0,86.81093333333332,256.93333333333334,16.0,3.6666666666666665,105.33333333333333,2.873333333333333,2.0,4.0,3.3333333333333335,4.666666666666667,14.0,0.0,2.0,0.0,0.0,2.0,22.18416666666667,0.831,0.0,29.333333333333332,26.0
45.0,84.5,111.6908516,315.25,15.0,4.0,101.0,2.8,2.0,3.0,5.0,7.0,17.0,0.0,3.0,0.0,0.0,3.0,18.30875,0.985,0.0,104.5,4.0
29.0,83.5,67.3547,279.94,15.0,3.5,102.5,2.7,2.0,3.0,5.0,0.0,10.0,0.0,3.0,0.0,0.0,3.0,21.195,0.0,0.0,76.5,34.0
14.0,49.2,32.12107999999999,307.712,9.2,2.6,107.4,2.0,1.6,1.6,2.0,0.0,5.2,0.4,2.0,0.0,0.0,2.4,19.201833333319996,2.5748,0.0,197.4,114.0
28.285714285714285,61.285714285714285,65.1934,257.06857142857143,11.142857142857142,3.7142857142857144,130.85714285714286,2.2685714285714282,1.7142857142857142,2.2857142857142856,2.857142857142857,0.0,6.857142857142857,0.2857142857142857,2.0,0.0,0.0,2.2857142857142856,39.332857142857144,0.0,0.0,110.85714285714286,24.0
11.6,37.4,24.084341568,267.802,7.2,2.8,133.2,1.8780000000000001,1.4,1.8,0.0,0.0,3.2,0.6,0.6,0.0,0.0,1.2,24.266499999980002,0.4986,0.0,152.6,37.0
4.666666666666667,29.666666666666668,9.960466666666667,320.72666666666663,6.0,2.0,107.33333333333333,1.8,1.3333333333333333,1.3333333333333333,0.0,0.0,2.6666666666666665,0.6666666666666666,0.6666666666666666,0.0,0.0,1.3333333333333333,14.097222222199997,0.0,0.0,156.66666666666666,78.0
29.0,73.25,70.9988024,370.875,13.5,3.25,96.5,3.26,2.0,3.75,0.25,0.0,6.0,0.0,0.75,2.25,0.0,3.0,18.40875,1.4775,0.0,67.5,120.0
25.5,91.75,57.02975000000001,354.645,16.5,3.5,111.25,2.8825000000000003,2.0,4.5,2.5,0.0,9.0,0.0,1.5,0.0,0.0,1.5,26.263125,1.8697499999999998,0.0,89.5,2.0
21.333333333333332,85.66666666666667,45.428666666666665,345.2933333333333,15.333333333333334,3.3333333333333335,108.66666666666667,2.6566666666666667,2.0,3.3333333333333335,3.3333333333333335,0.0,8.666666666666666,0.0,0.6666666666666666,0.0,0.0,0.6666666666666666,20.985,1.662,0.0,107.33333333333333,7.0
35.0,80.375,84.54209375,388.575,14.25,3.625,107.0,2.77125,2.0,3.375,2.5,4.625,12.5,0.0,1.875,0.0,0.625,2.5,19.8192708333375,0.311625,0.0,41.25,78.0
39.333333333333336,86.66666666666667,90.73966666666666,375.27333333333337,15.333333333333334,4.333333333333333,128.0,2.5366666666666666,2.0,3.3333333333333335,10.0,0.0,15.333333333333334,0.0,0.6666666666666666,0.0,0.0,0.6666666666666666,26.151666666666667,0.9713333333333334,0.0,107.33333333333333,10.0
8.666666666666666,83.83333333333333,17.512463666666665,361.26,13.666666666666666,2.1666666666666665,77.5,2.985,2.0,3.3333333333333335,0.0,0.0,5.333333333333333,0.0,1.6666666666666667,0.0,0.0,1.6666666666666667,11.682812499999999,0.367,0.0,52.0,36.0
4.571428571428571,87.0,8.833288571428572,364.91857142857145,9.142857142857142,1.5714285714285714,53.57142857142857,2.7085714285714286,1.5714285714285714,1.8571428571428572,0.0,0.0,3.4285714285714284,0.42857142857142855,1.5714285714285714,0.0,0.0,2.0,7.761785714285714,3.583285714285714,0.0,112.0,13.0
10.0,78.75862068965517,20.40608599586207,398.9875862068966,14.344827586206897,2.413793103448276,90.3103448275862,2.6593103448275865,1.9655172413793103,2.7241379310344827,0.0,0.0,4.689655172413793,0.034482758620689655,3.0689655172413794,0.0,0.0,3.103448275862069,12.59683908045862,0.0,0.0,100.27586206896552,153.0
26.8,69.0,63.5126123,368.418,12.2,3.4,112.8,2.871,1.8,3.1,1.3,1.4,7.6,0.2,1.1,0.7,0.0,2.0,32.9695,1.182,0.0,97.1,79.0
15.272727272727273,63.81818181818182,34.58619365818182,363.01,11.454545454545455,2.6363636363636362,97.45454545454545,2.9045454545454543,1.7272727272727273,3.1818181818181817,0.18181818181818182,1.2727272727272727,6.363636363636363,0.2727272727272727,0.6363636363636364,0.7272727272727273,0.0,1.6363636363636365,16.171136363627273,1.2536363636363637,0.0,89.63636363636364,40.0
17.428571428571427,68.0,38.234194571428574,339.29999999999995,12.571428571428571,2.9523809523809526,105.14285714285714,2.645714285714286,2.0,2.9523809523809526,0.47619047619047616,0.0,5.428571428571429,0.0,1.619047619047619,0.0,0.0,1.619047619047619,22.742891156457144,0.3015238095238095,0.0,63.76190476190476,63.0
33.2,86.8,79.28236000000001,357.11799999999994,15.6,3.6,103.8,2.884,2.0,3.6,4.0,2.8,12.4,0.0,2.4,0.0,0.0,2.4,20.4755,0.4986,0.0,95.8,86.0
12.0,22.25,24.985767459999998,357.4775,4.5,3.0,151.25,1.245,1.25,0.75,0.0,0.0,2.0,0.75,0.75,0.0,0.0,1.5,27.575059523775,0.40625,0.0,172.25,26.0
22.0,75.0,50.4988024,383.375,13.5,3.0,92.5,3.2737499999999997,2.0,3.75,0.0,1.25,7.0,0.0,0.75,0.0,2.25,3.0,15.74125,1.4775,0.0,59.75,145.0
23.5,81.0,50.894,345.635,14.5,3.5,113.5,2.1950000000000003,2.0,2.5,5.0,0.0,9.5,0.0,3.5,0.0,0.0,3.5,22.3221875,1.101,0.0,67.0,17.0
18.88888888888889,69.66666666666667,43.030113244444436,337.2733333333333,12.666666666666666,2.888888888888889,98.22222222222223,3.0888888888888886,1.6666666666666667,3.3333333333333335,1.0,1.5555555555555556,7.555555555555555,0.3333333333333333,0.6666666666666666,0.1111111111111111,0.0,1.1111111111111112,24.38648148148889,1.3133333333333335,0.0,85.88888888888889,26.0
10.285714285714286,62.0,22.347328365714286,375.11857142857144,2.2857142857142856,2.142857142857143,85.0,1.837142857142857,0.8571428571428571,0.0,1.4285714285714286,0.0,2.2857142857142856,0.8571428571428571,0.0,0.0,0.0,0.8571428571428571,14.1938095238,4.4874285714285715,0.0,208.42857142857142,23.0
3.0,1.0,6.941,453.69,1.0,2.0,128.0,0.98,1.0,0.0,0.0,0.0,1.0,1.0,0.0,0.0,0.0,1.0,16.5933333333,0.0,0.0,229.0,12.0
62.666666666666664,91.0,153.66964666666667,458.1033333333333,16.0,5.333333333333333,141.33333333333334,2.5500000000000003,2.0,4.0,10.0,4.666666666666667,20.666666666666668,0.0,2.0,0.0,0.0,2.0,38.04666666666667,0.7080000000000001,0.0,117.66666666666667,4.0
6.0,31.75,12.962941666666666,467.5858333333333,6.0,2.1666666666666665,111.08333333333333,1.7208333333333332,1.4166666666666667,1.0,0.25,0.0,2.6666666666666665,0.5833333333333334,1.0,0.5833333333333334,0.0,2.1666666666666665,15.686527777758334,2.1456666666666666,0.0,217.33333333333334,83.0
33.25,50.5,78.81606297500001,439.04749999999996,9.0,4.0,143.5,2.21,1.75,2.0,0.0,1.5,5.25,0.25,1.0,0.0,2.0,3.25,41.80125,0.0,0.0,104.75,69.0
18.714285714285715,88.28571428571429,43.74391702857143,437.14285714285717,15.857142857142858,2.5714285714285716,69.0,3.7257142857142855,2.0,4.285714285714286,1.0,2.0,9.285714285714286,0.0,0.8571428571428571,0.42857142857142855,0.0,1.2857142857142858,10.350714285714286,1.6885714285714286,0.0,45.0,4.0
14.625,77.125,31.769839899999997,408.06624999999997,13.875,2.625,86.375,3.3625,1.75,3.75,0.875,0.0,6.375,0.25,0.75,0.375,0.0,1.375,18.1077083333375,1.4775,0.0,64.125,4.0
17.125,78.125,38.0644899,451.0,14.125,2.75,84.875,3.38875,1.875,3.75,1.0,0.0,6.625,0.125,0.75,0.25,0.0,1.125,15.764375000000001,1.4775,0.0,67.5,38.0
6.0,40.0,12.6363231,403.44,7.666666666666667,2.1666666666666665,107.83333333333333,1.7716666666666665,1.5,1.1666666666666667,0.0,0.0,2.6666666666666665,0.5,1.8333333333333333,0.0,0.0,2.3333333333333335,15.966249999983333,2.1456666666666666,0.0,216.66666666666666,104.0
2.0,73.5,3.6306266666666667,476.28833333333336,3.0,1.3333333333333333,56.0,1.97,1.1666666666666667,0.16666666666666666,0.0,0.0,1.3333333333333333,0.8333333333333334,0.8333333333333334,0.0,0.0,1.6666666666666667,8.370972222216666,5.489333333333334,0.0,195.16666666666666,16.0
16.0,84.33333333333333,34.8796,440.3333333333333,15.333333333333334,2.6666666666666665,84.0,2.9633333333333334,2.0,3.3333333333333335,3.3333333333333335,0.0,8.666666666666666,0.0,2.6666666666666665,0.0,0.0,2.6666666666666665,13.738333333333335,0.12766666666666668,0.0,83.0,38.0
33.0,61.0,78.60829225,439.84749999999997,11.0,3.75,122.0,2.56,1.5,2.0,2.5,3.5,9.5,0.5,1.0,0.0,0.0,1.5,31.408125,0.0,0.0,119.5,28.0
14.25,76.125,30.6615524,445.5,13.5,2.625,86.625,3.27625,2.0,3.75,0.25,0.0,6.0,0.0,0.75,1.0,0.0,1.75,14.901250000000001,1.4775,0.0,63.625,57.0
21.333333333333332,69.0,50.79196000000001,457.67333333333335,1.6666666666666667,2.6666666666666665,86.66666666666667,1.8566666666666667,1.3333333333333333,0.0,0.0,2.0,3.3333333333333335,0.6666666666666666,0.0,0.0,2.6666666666666665,3.3333333333333335,15.486666666666665,5.235333333333333,0.0,184.66666666666666,73.0
24.0,68.44444444444444,52.76417777777778,420.28,12.0,3.6666666666666665,136.33333333333334,2.4366666666666665,1.7777777777777777,3.3333333333333335,0.2222222222222222,0.0,5.333333333333333,0.2222222222222222,0.6666666666666666,0.8888888888888888,0.0,1.7777777777777777,39.06944444444444,1.662,0.0,115.11111111111111,9.0
59.2,74.8,144.16377238,412.55,13.2,5.4,161.4,2.22,1.8,3.4,8.0,2.8,16.0,0.2,1.4,0.0,0.0,1.6,54.584,0.6372,0.0,129.2,10.0
21.714285714285715,63.42857142857143,46.63265714285715,455.3585714285714,11.428571428571429,3.5714285714285716,136.14285714285714,2.3542857142857145,1.4285714285714286,2.857142857142857,1.4285714285714286,0.0,5.714285714285714,0.2857142857142857,0.5714285714285714,0.0,0.0,0.8571428571428571,36.944761904771426,1.4245714285714286,0.0,134.14285714285714,13.0
20.857142857142858,83.71428571428571,47.40322857142856,421.3942857142857,13.714285714285714,3.0,97.57142857142857,2.738571428571429,2.0,3.142857142857143,2.857142857142857,0.0,8.0,0.0,2.0,0.0,0.0,2.0,17.49,0.0,0.0,82.0,49.0
24.0,65.33333333333333,52.842000000000006,464.40000000000003,12.0,3.6666666666666665,133.0,2.4233333333333333,2.0,3.3333333333333335,0.0,0.0,5.333333333333333,0.0,0.6666666666666666,0.0,0.0,0.6666666666666666,34.40833333333333,1.662,0.0,117.66666666666667,34.0
7.333333333333333,30.0,15.315666666666665,431.91333333333336,6.0,2.3333333333333335,120.33333333333333,1.5133333333333334,1.3333333333333333,1.3333333333333333,0.0,0.0,2.6666666666666665,0.6666666666666666,0.6666666666666666,0.0,0.0,1.3333333333333333,19.6578472222,0.734,0.0,176.0,40.0
53.333333333333336,75.11111111111111,128.31530264444444,405.2155555555556,13.333333333333334,5.222222222222222,162.22222222222223,2.1822222222222223,1.7777777777777777,3.7777777777777777,7.777777777777778,0.0,13.333333333333334,0.2222222222222222,0.8888888888888888,0.0,0.0,1.1111111111111112,58.26481481481111,0.7595555555555555,0.0,110.44444444444444,8.0
16.0,53.0,33.72441285714286,553.6371428571429,9.142857142857142,3.142857142857143,126.0,2.1514285714285717,1.7142857142857142,1.7142857142857142,1.4285714285714286,0.0,4.857142857142857,0.2857142857142857,0.8571428571428571,1.4285714285714286,0.0,2.5714285714285716,27.786215106742855,0.0,8.860591133e-05,132.57142857142858,61.0
10.0,77.5,20.4941193,498.26,14.0,2.5,96.0,2.325,2.0,2.0,0.0,0.0,4.0,0.0,4.0,0.0,0.0,4.0,15.624375,3.2185,0.0,209.5,194.0
30.0,65.66666666666667,66.62866666666666,548.8666666666667,12.0,4.0,138.66666666666666,2.3066666666666666,2.0,3.3333333333333335,6.666666666666667,0.0,12.0,0.0,0.6666666666666666,0.0,0.0,0.6666666666666666,32.24333333333333,0.9713333333333334,0.0,117.66666666666667,21.0
16.0,30.333333333333332,36.189233333333334,522.2466666666667,6.0,3.0,131.33333333333334,1.6566666666666665,1.6666666666666667,1.0,0.0,0.0,2.6666666666666665,0.3333333333333333,1.0,0.0,0.0,1.3333333333333333,28.530694444433333,2.1456666666666666,0.0,216.0,54.0
20.0,85.25,45.970977399999995,511.3,15.25,2.75,75.25,3.50875,1.875,3.75,2.125,1.75,9.5,0.125,0.75,0.375,0.0,1.25,10.448125,1.4775,0.0744243375,67.5,41.0
58.0,41.25,142.29244232,553.1274999999999,7.0,5.25,157.25,1.52125,1.75,0.0,5.0,8.25,15.0,0.25,0.0,0.0,2.25,2.5,28.390251436775003,0.0,0.0,188.75,42.0
17.0,46.22222222222222,38.68596412444444,493.5199999999999,8.555555555555555,2.888888888888889,118.77777777777777,2.1866666666666665,1.5555555555555556,1.7777777777777777,0.7777777777777778,1.5555555555555556,5.666666666666667,0.4444444444444444,0.8888888888888888,0.3333333333333333,0.0,1.6666666666666667,18.622592592577778,0.0,0.0,132.11111111111111,14.0
39.333333333333336,52.333333333333336,92.25766666666668,535.2733333333334,9.333333333333334,4.666666666666667,153.0,1.5033333333333332,2.0,0.6666666666666666,6.666666666666667,0.0,9.333333333333334,0.0,3.3333333333333335,0.0,0.0,3.3333333333333335,33.76833333333334,0.0,0.0,119.0,35.0
52.5,93.25,125.6183525,516.0825,16.5,5.0,139.0,2.5075000000000003,2.0,4.5,10.0,0.0,16.5,0.0,1.5,0.0,0.0,1.5,40.151250000000005,0.7965,0.0,89.5,3.0
13.75,59.25,28.42049232,552.1175,10.75,2.75,105.5,2.4299999999999997,1.75,2.0,2.0,0.0,5.75,0.25,1.0,0.5,0.0,1.75,14.443333333325,0.0,0.148848675,119.5,100.0
22.714285714285715,81.42857142857143,51.779377857142855,506.53714285714284,14.428571428571429,3.142857142857143,97.28571428571429,2.7728571428571427,2.0,3.142857142857143,3.5714285714285716,0.0,8.714285714285714,0.0,2.0,0.7142857142857143,0.0,2.7142857142857144,15.718226600985714,0.0,4.4302955665e-05,85.28571428571429,41.0
7.333333333333333,29.666666666666668,15.632052,550.1949999999999,6.0,2.3333333333333335,116.0,1.7299999999999998,1.5,1.0,0.16666666666666666,0.0,2.6666666666666665,0.5,1.0,1.5,0.0,3.0,16.925416666649998,2.1456666666666666,1.0583333333333333e-06,211.5,93.0
30.666666666666668,65.33333333333333,71.84413666666667,483.62000000000006,6.666666666666667,3.6666666666666665,121.66666666666667,1.9366666666666668,1.6666666666666667,1.6666666666666667,3.3333333333333335,0.0,6.666666666666667,0.3333333333333333,0.3333333333333333,0.0,0.0,0.6666666666666666,34.62,2.9716666666666662,0.0,161.0,53.0
16.0,30.333333333333332,36.945999,531.4449999999999,6.0,3.0,134.16666666666666,1.4033333333333333,1.5,1.0,0.16666666666666666,0.0,2.6666666666666665,0.5,1.0,1.5,0.0,3.0,21.96966269838333,0.5416666666666666,0.0,147.5,57.0
18.8,61.8,39.77028,525.2919999999999,11.2,3.2,112.4,2.0759999999999996,2.0,1.2,4.0,0.0,7.2,0.0,1.2,0.0,0.0,1.2,19.045499999999997,2.5748,0.0,200.2,120.0
8.666666666666666,51.0,18.2912,502.13000000000005,9.0,2.3333333333333335,102.33333333333333,2.3033333333333332,1.6666666666666667,2.0,0.3333333333333333,0.0,4.0,0.3333333333333333,1.0,1.3333333333333333,0.0,2.6666666666666665,12.865277777766666,0.0,3.75555555555e-06,114.66666666666667,110.0
20.4,68.9,45.75298,487.946,12.6,3.1,104.8,2.6550000000000002,2.0,2.8,1.8,0.0,6.6,0.0,1.4,0.2,0.0,1.6,20.817333333329998,0.046400000000000004,0.059539470000000004,89.9,131.0
36.0,85.4,83.96392,502.178,15.2,4.0,120.4,2.5700000000000003,1.8,3.4,4.0,2.8,12.0,0.2,1.4,0.0,0.0,1.6,24.812374999999996,1.4376,0.0,87.0,36.0
69.5,62.75,171.66125,538.715,9.75,5.75,148.75,1.7375,2.0,0.0,7.5,10.5,20.0,0.0,0.0,0.0,0.0,0.0,26.022543103449998,0.0,0.0,187.75,44.0
22.25,70.625,49.2192375,514.44875,12.75,3.25,109.5,2.5774999999999997,1.625,2.375,3.75,0.0,7.75,0.375,1.375,0.0,0.0,1.75,20.5452083333375,0.0,0.0,111.625,50.0
19.0,78.0,41.712134649999996,569.5,14.0,3.0,99.5,2.605,1.75,2.25,2.5,0.0,6.5,0.25,2.25,0.0,0.0,2.5,12.755,0.0,0.0,118.5,154.0
39.666666666666664,71.0,92.76894198333332,585.42,12.666666666666666,4.5,144.83333333333334,2.153333333333333,1.6666666666666667,2.6666666666666665,8.333333333333334,0.0,12.666666666666666,0.3333333333333333,1.3333333333333333,0.0,0.0,1.6666666666666667,39.295833333333334,0.5326666666666667,0.0,85.0,9.0
29.2,62.6,66.0069048,603.992,11.2,4.0,134.6,1.714,2.0,1.2,4.0,0.0,7.2,0.0,1.2,0.0,0.0,1.2,27.330095238080002,0.65,0.0,124.2,55.0
31.0,54.75,73.10835,589.515,9.0,3.75,134.75,2.2424999999999997,1.75,2.0,0.25,3.5,7.5,0.25,1.0,2.25,0.0,3.5,34.449374999999996,0.0,0.000561775,111.75,93.0
54.0,75.25,129.90472,588.3875,13.5,5.25,156.0,2.27,2.0,3.75,7.75,0.0,13.5,0.0,0.75,2.25,0.0,3.0,41.485625000000006,0.7965,0.0,96.5,6.0
28.4,67.8,67.70884,569.034,12.4,3.4,109.0,2.664,1.8,2.4,2.2,0.0,6.4,0.2,1.2,1.8,0.0,3.2,16.579500000000003,0.0,0.0,97.2,164.0
12.0,73.625,25.0045,634.875,11.25,2.625,98.875,2.69875,2.0,2.5,0.5,0.0,5.0,0.0,1.25,2.0,0.0,3.25,12.724375000000002,0.0,5.633333333325e-06,80.25,162.0
46.25,60.5,111.7994775,579.1825,10.5,4.75,140.5,1.7025,2.0,0.75,7.75,0.75,11.25,0.0,3.75,2.25,2.75,8.75,19.149375,0.0,0.0,63.75,85.0
34.25,67.25,82.737549,589.975,12.0,4.0,129.25,1.9875,2.0,2.25,0.25,0.75,5.25,0.0,2.25,2.25,2.75,7.25,21.933928571400003,1.21875,0.0,17.25,95.0
21.0,84.0,44.81733333333333,566.99,15.0,3.3333333333333335,112.0,2.74,1.6666666666666667,3.3333333333333335,3.3333333333333335,0.0,8.333333333333334,0.3333333333333333,0.6666666666666666,0.0,0.0,1.0,20.021666666666665,1.662,0.0,117.66666666666667,7.0
36.0,70.33333333333333,83.0945111111111,619.3177777777778,12.444444444444445,4.222222222222222,141.11111111111111,2.4,1.7777777777777777,3.3333333333333335,7.333333333333333,1.5555555555555556,14.0,0.2222222222222222,0.6666666666666666,0.4444444444444444,0.0,1.3333333333333333,37.464814814822226,0.9713333333333334,0.0,115.11111111111111,13.0
27.333333333333332,51.666666666666664,59.84133333333333,573.6066666666667,9.333333333333334,4.0,140.0,1.54,2.0,0.6666666666666666,6.666666666666667,0.0,9.333333333333334,0.0,3.3333333333333335,0.0,0.0,3.3333333333333335,25.161666666666672,0.0,0.0,117.66666666666667,47.0
13.333333333333334,50.666666666666664,28.828799999999998,622.0866666666667,9.333333333333334,2.6666666666666665,108.66666666666667,2.106666666666667,1.3333333333333333,1.3333333333333333,3.3333333333333335,0.0,6.0,0.6666666666666666,0.6666666666666666,0.0,0.0,1.3333333333333333,12.2561111111,0.0,0.0,155.33333333333334,72.0
14.333333333333334,77.33333333333333,30.310665,625.8666666666667,13.666666666666666,2.6666666666666665,86.0,2.92,2.0,2.6666666666666665,2.3333333333333335,0.0,7.0,0.0,1.3333333333333333,1.0,0.0,2.3333333333333335,9.485,0.0,0.5161570666666667,72.66666666666667,83.0
12.375,80.5,26.609302,586.0375,13.875,2.5,82.125,3.3249999999999997,2.0,3.625,0.75,0.0,6.375,0.0,0.875,1.75,0.0,2.625,10.4578125,1.23125,0.0,68.125,21.0
10.0,73.6,20.185679999999998,579.02,7.2,2.6,113.0,2.002,2.0,1.2,0.0,0.0,3.2,0.0,1.2,0.0,0.0,1.2,19.6415,2.5748,0.0,194.0,110.0
46.0,79.2,110.330812,617.24,14.2,4.6,137.2,2.628,2.0,4.0,8.4,0.0,14.4,0.0,0.8,1.6,0.0,2.4,30.058,1.1656,0.0,96.2,21.0
30.5,80.75,70.33145,612.7,13.5,3.75,123.25,2.6875,2.0,3.75,0.25,3.5,9.5,0.0,0.75,2.25,0.0,3.0,25.589374999999997,1.8697499999999998,0.000561775,96.5,5.0
27.0,48.0,60.5334425,576.5625,9.0,4.0,155.0,1.77,1.75,2.0,0.25,0.0,4.0,0.25,1.0,2.25,0.0,3.5,40.394479166675,1.101,0.0,140.75,37.0
20.4,62.6,46.638439999999996,621.08,10.8,3.2,114.6,2.55,2.0,2.4,0.4,0.0,4.8,0.0,1.2,1.6,0.0,2.8,21.519,0.0,4.50666666666e-06,91.8,97.0
19.0,22.25,43.1675,631.865,4.5,3.25,142.75,1.23,1.5,0.5,2.5,0.0,4.5,0.5,1.0,0.0,0.0,1.5,26.06041666665,0.0,0.0,206.0,21.0
17.333333333333332,78.5,37.976933333333335,593.1,13.666666666666666,2.8333333333333335,93.16666666666667,2.85,2.0,3.0,2.0,0.0,7.0,0.0,2.0,1.3333333333333333,0.0,3.3333333333333335,13.770000000000001,0.06383333333333334,0.0,77.83333333333333,202.0
55.142857142857146,83.0,134.37514285714286,569.2085714285714,14.571428571428571,5.142857142857143,138.28571428571428,1.9942857142857144,2.0,2.5714285714285716,10.0,2.0,16.571428571428573,0.0,2.5714285714285716,0.0,0.0,2.5714285714285716,30.401559934299996,0.2651428571428572,0.0,150.28571428571428,20.0
40.5,79.375,95.279,678.8675000000001,14.0,4.375,126.875,2.245,1.75,2.25,10.0,1.75,15.75,0.25,1.5,0.0,0.0,1.75,23.042823275862503,0.3995,0.0,101.625,53.0
65.25,56.0,163.12125,678.66,7.25,5.5,155.0,1.6025,2.0,0.0,5.25,7.0,14.25,0.0,0.0,2.25,0.0,2.25,29.469418103450003,0.0,0.0,187.75,49.0
28.75,24.0,68.2355,657.7825,4.5,3.75,149.75,1.22,1.5,0.25,2.5,1.0,5.25,0.5,1.25,0.0,2.5,4.25,23.06416666665,0.0,0.0,197.75,41.0
21.0,65.7,47.93814,704.6800000000001,10.8,3.1,108.9,2.621,2.0,2.4,0.4,1.4,6.2,0.0,1.2,0.6,0.0,1.8,20.203,0.0,0.0,94.5,127.0
31.25,65.5,72.55675000000001,672.3825,11.5,3.75,118.75,2.495,1.75,2.0,2.5,1.5,7.75,0.25,1.0,0.0,2.0,3.25,16.9425,0.0,0.0,103.75,100.0
52.5,64.75,125.09299999999999,702.31,11.25,5.25,154.5,1.755,2.0,1.5,7.5,1.0,12.0,0.0,3.0,0.0,2.5,5.5,33.66625,0.0,0.0,154.25,56.0
22.857142857142858,46.0,51.402592142857145,694.0214285714285,8.285714285714286,3.5714285714285716,133.85714285714286,1.9314285714285713,2.0,1.2857142857142858,0.7142857142857143,0.0,4.0,0.0,1.2857142857142858,0.7142857142857143,0.0,2.0,31.069119458128572,2.758714285714286,4.4302955665e-05,210.57142857142858,53.0
14.894736842105264,68.78947368421052,32.21580273157895,663.431052631579,11.421052631578947,2.8421052631578947,105.05263157894737,2.7005263157894737,1.9473684210526316,2.526315789473684,0.631578947368421,0.0,5.105263157894737,0.05263157894736842,1.263157894736842,2.526315789473684,0.0,3.8421052631578947,17.113947368421055,0.0,7.115789473673684e-06,80.89473684210526,119.0
30.0,63.5,72.28063465,708.12,11.5,3.75,131.25,1.6975,1.75,2.25,5.0,0.0,9.0,0.25,2.25,0.0,0.0,2.5,25.649999999974998,0.232,0.0,189.5,26.0
10.0,52.75,21.473975,690.6975,9.0,2.5,105.75,2.1725,1.75,1.5,0.75,0.0,4.0,0.25,1.5,1.75,0.0,3.5,14.785208333325,3.2185,0.0,211.5,80.0
62.75,55.75,154.10525,680.3075,7.75,5.5,157.0,1.5825,2.0,0.25,5.0,10.5,17.75,0.0,1.25,0.0,0.0,1.25,28.083771551725,0.0,0.0,170.0,29.0
8.666666666666666,3.0,17.986666666666668,674.1266666666667,1.3333333333333333,2.6666666666666665,144.0,0.9866666666666667,1.3333333333333333,0.0,0.0,0.0,1.3333333333333333,0.6666666666666666,0.0,0.0,0.0,0.6666666666666666,23.6522222222,0.0,0.0,227.66666666666666,16.0
40.666666666666664,32.0,96.05223333333333,665.31,6.0,4.666666666666667,175.66666666666666,1.28,1.6666666666666667,1.0,3.3333333333333335,4.666666666666667,10.666666666666666,0.3333333333333333,1.0,0.0,0.0,1.3333333333333333,47.94222222223334,0.0,0.0,155.33333333333334,16.0
67.5,62.75,166.9247,670.755,11.0,5.75,163.75,1.655,2.0,1.5,7.5,7.0,18.0,0.0,1.5,0.0,0.0,1.5,37.24625,0.0,0.0,111.75,28.0
34.0,39.0,76.9562,702.9425,7.0,4.5,172.5,1.4049999999999998,1.25,0.75,5.0,0.0,7.0,0.75,0.75,0.0,0.0,1.5,48.52583333334999,0.0,0.0,212.25,14.0
18.5,53.5,41.105675,655.39,9.0,3.25,128.75,2.1325,1.75,1.5,0.75,0.0,4.0,0.25,1.5,1.75,0.0,3.5,33.3175,3.2185,0.0,211.5,55.0
35.5,76.25,84.20839225,670.465,13.5,3.75,103.25,2.8375,1.5,2.0,5.0,3.5,12.0,0.5,1.0,0.0,0.0,1.5,12.81,0.0,0.0,118.5,65.0
22.666666666666668,78.66666666666667,52.52126666666666,656.1,13.666666666666666,3.0,93.16666666666667,2.845,2.0,3.0,2.0,2.3333333333333335,9.333333333333334,0.0,2.0,1.3333333333333333,0.0,3.3333333333333335,13.604166666666666,0.06383333333333334,0.0,77.83333333333333,231.0
8.0,75.66666666666667,16.627626666666668,656.34,2.0,2.0,74.0,1.9800000000000002,1.3333333333333333,0.0,0.6666666666666666,0.0,2.0,0.6666666666666666,0.0,2.6666666666666665,0.0,3.3333333333333335,9.973333333333334,5.235333333333333,7.5111111111e-06,194.0,138.0
24.0,42.75,52.245174999999996,680.7,8.0,3.75,141.25,1.705,2.0,1.0,2.5,0.0,5.5,0.0,2.0,0.0,0.0,2.0,28.642187500000002,1.60925,0.0,195.75,35.0
42.666666666666664,67.0,101.32021666666667,699.42,12.0,4.666666666666667,147.66666666666666,2.1300000000000003,2.0,3.0,3.3333333333333335,1.0,9.333333333333334,0.0,1.0,0.0,3.6666666666666665,4.666666666666667,31.645277777766665,0.9856666666666666,0.0,136.66666666666666,57.0
20.823529411764707,73.82352941176471,45.18347905882353,714.3294117647059,12.647058823529411,3.411764705882353,117.58823529411765,2.050588235294118,2.0,2.1176470588235294,1.411764705882353,0.8235294117647058,6.352941176470588,0.0,2.1176470588235294,0.9411764705882353,0.0,3.0588235294117645,20.463697478964704,1.1470588235294117,0.4966265411764706,68.52941176470588,150.0
37.0,51.5,86.0905,729.6800000000001,9.5,4.5,154.5,1.85,2.0,2.0,0.5,0.5,5.0,0.0,1.0,4.5,6.5,12.0,31.513437500000002,1.101,0.0,132.0,87.0
69.25,62.25,170.6313025,720.215,9.75,5.75,149.5,1.7349999999999999,2.0,0.0,7.5,10.25,19.75,0.0,0.0,0.0,0.25,0.25,24.937543103450004,0.0,0.0,180.0,63.0
23.0,78.5,49.74493465,736.28,14.0,3.5,119.0,2.175,1.75,2.25,2.5,0.0,6.5,0.25,2.25,0.0,0.0,2.5,21.095937499999998,1.101,0.0,147.5,63.0
25.25,52.0,58.39275,728.8525,9.0,3.5,132.5,1.84,1.75,2.0,0.0,2.5,6.25,0.25,1.0,0.0,1.0,2.25,24.851770833325,1.101,0.0,140.75,48.0
45.5,79.75,108.1978,745.79,14.0,4.75,135.75,1.985,1.75,2.25,10.0,0.0,14.0,0.25,2.25,0.0,0.0,2.5,26.17854166665,0.232,0.0,148.25,41.0
39.333333333333336,52.333333333333336,90.39966666666668,738.1,9.333333333333334,4.666666666666667,153.0,1.55,2.0,0.6666666666666666,6.666666666666667,0.0,9.333333333333334,0.0,1.3333333333333333,0.0,0.0,1.3333333333333333,30.183333333333334,0.0,0.0,186.66666666666666,42.0
23.2,62.4,53.608875999999995,758.1859999999999,10.8,3.2,114.2,2.528,1.8,2.4,0.6,2.8,7.6,0.2,1.2,1.4,0.0,2.8,23.70833333334,0.0,0.0,98.8,188.0
56.5,80.25,136.4109325,726.8875,13.5,5.25,152.25,2.3025,2.0,3.75,7.5,2.75,16.0,0.0,0.75,0.0,0.75,1.5,39.944583333325006,0.7965,0.0,96.5,3.0
50.0,80.0,118.66024999999999,726.7149999999999,14.0,5.0,140.25,1.9375,2.0,2.0,10.0,0.0,14.0,0.0,2.5,0.0,0.0,2.5,28.975,0.0,0.0,166.75,36.0
34.6,52.0,79.14007999999998,778.984,9.4,4.4,159.4,1.6360000000000003,1.6,1.8,6.0,0.0,9.4,0.4,1.8,0.0,0.0,2.2,49.594,0.0,0.0,191.2,10.0
34.2,37.3,78.83611032,727.605,7.0,4.4,158.2,1.6280000000000001,2.0,1.0,2.0,0.0,5.0,0.0,1.4,0.0,0.0,1.4,39.837624999999996,0.8407,0.0,183.7,42.0
76.0,64.5,190.42899999999997,718.2075,11.25,6.0,160.5,2.0275,2.0,1.5,7.75,10.75,22.0,0.0,3.0,2.25,3.25,8.5,30.3925,0.0,0.0,217.25,50.0
16.666666666666668,51.666666666666664,38.122980000000005,765.25,4.0,2.6666666666666665,99.33333333333333,1.7933333333333337,0.6666666666666666,0.0,3.3333333333333335,0.0,4.0,0.6666666666666666,0.0,0.0,0.0,0.6666666666666666,12.539444444433334,2.6176666666666666,0.0,216.0,85.0
36.0,48.0,84.939616,755.15,9.0,4.5,157.0,1.645,2.0,1.5,0.5,0.0,4.0,0.0,1.5,4.5,0.0,6.0,29.733869047600002,0.8125,0.0,98.0,82.0
49.2,76.4,116.252,769.674,13.2,5.0,139.0,2.008,1.6,1.6,10.0,0.0,13.2,0.0,3.2,0.0,0.0,3.2,29.509999999999998,0.0,0.0,157.8,56.0
34.4,38.2,79.51388,741.976,7.2,4.4,158.0,1.65,2.0,1.2,2.0,0.0,5.2,0.0,1.2,0.0,0.0,1.2,41.016,0.0,0.0,165.6,11.0
15.666666666666666,32.0,31.387566666666668,764.35,6.333333333333333,3.3333333333333335,141.0,1.68,2.0,1.0,0.0,0.0,3.0,0.0,1.0,0.0,0.0,1.0,30.10291666666667,2.1456666666666666,0.0,214.66666666666666,35.0
43.75,27.25,106.496925,765.7625,5.25,5.0,179.0,1.4275,2.0,0.75,0.0,0.0,2.75,0.0,0.75,0.0,0.0,0.75,51.384687500000005,1.60925,0.0,220.25,13.0
9.0,45.666666666666664,18.517,766.5633333333334,1.6666666666666667,2.6666666666666665,136.66666666666666,1.2,1.6666666666666667,0.0,0.0,0.0,1.6666666666666667,0.3333333333333333,0.0,0.0,0.0,0.3333333333333333,20.791111111099998,0.0,0.0,205.66666666666666,28.0
15.5,58.75,32.501048749999995,749.6025,10.5,3.0,116.0,2.005,1.75,2.0,1.75,0.0,5.5,0.25,1.0,0.75,0.0,2.0,19.603020833324997,1.101,0.3871178,140.75,74.0
44.5,51.75,107.18239224999999,744.865,9.0,4.5,138.0,1.7249999999999999,1.5,0.0,7.5,3.5,12.5,0.5,0.0,0.0,0.0,0.5,18.070833333325,0.0,0.0,210.5,85.0
16.444444444444443,44.44444444444444,34.17364444444444,760.0222222222222,8.0,3.2222222222222223,129.22222222222223,1.9433333333333336,2.0,1.3333333333333333,0.2222222222222222,0.0,3.5555555555555554,0.0,1.3333333333333333,0.8888888888888888,0.0,2.2222222222222223,25.92777777777778,2.860888888888889,0.0,207.77777777777777,87.0
59.0,85.25,145.335825,731.525,15.0,5.25,140.0,1.9675,2.0,3.0,10.0,3.5,18.5,0.0,3.0,0.0,0.0,3.0,31.999166666649998,0.232,0.0,166.0,30.0
21.6,60.2,46.69741544,717.552,10.8,3.6,132.4,1.568,2.0,0.8,4.0,0.0,6.8,0.0,4.0,0.0,0.0,4.0,21.689,0.0,0.0,160.6,58.0
27.333333333333332,52.5,62.34725642666666,725.29,9.0,3.8333333333333335,144.5,1.8066666666666666,1.6666666666666667,2.0,5.333333333333333,0.0,9.0,0.3333333333333333,1.0,1.3333333333333333,0.0,2.6666666666666665,26.573611111099996,0.3995,0.0,115.66666666666667,35.0
45.0,49.0,108.14349999999999,747.0,9.0,5.0,167.5,1.72,2.0,2.0,5.0,0.0,9.0,0.0,1.0,0.0,0.0,1.0,44.755,0.3995,0.0,121.5,36.0
25.6,67.4,58.36227,721.08,12.0,3.4,108.6,2.746,1.8,2.4,1.6,0.6,6.4,0.2,1.2,0.4,2.2,4.0,15.325999999999999,0.0,0.0,91.0,177.0
38.0,53.5,88.1535,841.1800000000001,9.5,4.5,153.0,1.8599999999999999,2.0,2.0,0.0,2.0,6.0,0.0,1.0,0.0,5.0,6.0,30.2984375,1.101,0.0,132.0,81.0
42.5,66.25,101.81480299999998,844.75,12.0,4.5,138.75,2.02,2.0,2.25,7.75,3.5,15.5,0.0,2.25,2.25,0.0,4.5,25.24625,0.3995,1.5875e-06,104.0,41.0
18.666666666666668,51.333333333333336,40.738789759999996,794.6233333333333,6.0,3.3333333333333335,142.0,1.4733333333333334,1.6666666666666667,1.0,3.3333333333333335,0.0,6.0,0.3333333333333333,1.0,0.0,0.0,1.3333333333333333,24.769444444433333,0.0,0.0,196.33333333333334,33.0
21.263157894736842,61.421052631578945,47.8562052631579,797.1894736842105,11.368421052631579,3.1578947368421053,110.21052631578948,2.682105263157895,2.0,2.526315789473684,0.5263157894736842,0.7368421052631579,5.7894736842105265,0.0,1.263157894736842,3.1578947368421053,0.0,4.421052631578948,16.81578947368421,0.0,0.0,80.89473684210526,142.0
50.8,63.8,121.1338,799.2,11.2,5.2,156.2,1.674,2.0,1.2,8.0,0.0,11.2,0.0,1.2,0.0,0.0,1.2,33.14,0.0,0.0,189.8,36.0
35.0,60.666666666666664,78.52366666666666,792.9,10.5,4.333333333333333,135.16666666666666,1.5650000000000002,2.0,0.0,8.333333333333334,0.6666666666666666,11.0,0.0,0.0,0.0,1.6666666666666667,1.6666666666666667,17.435000000000002,0.0,0.0,194.0,66.0
16.5,78.0,35.8999265,851.5,11.5,3.0,107.5,1.99,2.0,2.0,2.5,0.0,6.5,0.0,2.5,0.0,0.0,2.5,19.0088690476,0.90825,0.0,105.75,72.0
47.333333333333336,52.666666666666664,115.85211276,810.2866666666665,9.333333333333334,4.666666666666667,146.66666666666666,1.8566666666666667,1.3333333333333333,1.3333333333333333,6.666666666666667,4.666666666666667,14.0,0.6666666666666666,0.6666666666666666,0.0,0.0,1.3333333333333333,26.9022222222,0.15466666666666667,0.0,202.0,30.0
46.8,42.6,110.70806999999999,819.3100000000001,7.6,5.0,163.4,1.722,2.0,1.0,2.0,1.8,6.8,0.0,1.4,0.0,6.6,8.0,28.077999999999996,0.0,0.0,146.6,66.0
18.5,53.75,39.82885,842.275,9.0,3.25,123.25,2.1025,2.0,1.5,0.5,0.0,4.0,0.0,1.5,2.0,0.0,3.5,22.625625,3.2185,0.0,201.75,162.0
67.5,57.25,166.42975,844.7075000000001,8.0,5.75,166.0,1.635,2.0,0.5,5.0,10.5,18.0,0.0,1.0,0.0,0.0,1.0,28.96125,0.0,0.0,217.25,33.0
54.75,40.25,132.5409625,845.66,7.25,5.25,157.5,1.555,2.0,0.0,5.25,7.0,14.25,0.0,0.0,2.25,0.0,2.25,30.15254310345,0.0,0.0,187.75,72.0
28.8,59.8,64.96781544000001,864.6600000000001,10.6,4.0,138.0,1.528,2.0,0.4,4.2,0.2,6.8,0.0,2.0,1.8,2.6,6.4,19.624000000000002,0.0,0.0,206.4,81.0
30.8,38.0,70.35766000000001,860.61,7.2,4.2,155.0,1.614,2.0,1.2,2.0,0.0,5.2,0.0,1.2,0.0,0.0,1.2,39.926750000000006,1.2874,0.0,207.0,57.0
37.42857142857143,41.285714285714285,87.14277142857144,866.0514285714286,7.714285714285714,4.571428571428571,160.57142857142858,1.6199999999999999,2.0,1.4285714285714286,2.857142857142857,0.0,6.285714285714286,0.0,1.1428571428571428,0.0,0.0,1.1428571428571428,41.30642857142857,0.0,0.0,177.71428571428572,37.0
76.75,63.75,192.599975,829.25,10.5,6.0,157.75,1.5150000000000001,2.0,0.75,7.75,12.25,22.75,0.0,3.75,2.25,1.75,7.75,28.195,0.0,0.0,194.0,61.0
20.5,33.75,46.627625,861.8225,6.0,3.25,130.0,1.5125,1.25,0.25,4.5,0.0,6.0,0.75,1.25,0.5,0.0,2.5,16.421041666649998,0.0,0.0,186.75,59.0
22.5,77.0,48.95669650000001,797.225,13.5,3.5,115.75,2.2125,1.75,2.25,2.0,0.0,6.0,0.25,2.25,0.5,0.0,3.0,20.3376785714,1.21875,0.0,57.75,151.0
36.285714285714285,41.0,84.89602857142857,800.5142857142857,7.714285714285714,4.285714285714286,152.28571428571428,1.64,2.0,1.4285714285714286,2.857142857142857,4.0,10.285714285714286,0.0,1.1428571428571428,0.0,0.0,1.1428571428571428,32.29785714285715,0.0,0.0,133.71428571428572,43.0
32.0,51.25,73.1001,806.615,9.0,4.0,135.0,1.6625,1.25,0.25,7.5,0.0,9.0,0.75,1.25,0.0,0.0,2.0,17.027708333325,0.0,0.0,185.75,48.0
23.6,37.6,51.20014000000001,862.366,7.2,3.8,147.6,1.6179999999999999,2.0,1.2,2.0,0.0,5.2,0.0,1.2,0.0,0.0,1.2,31.927750000000003,1.2874,0.0,207.0,56.0
38.166666666666664,55.833333333333336,95.01233666666666,864.1916666666666,9.5,4.0,124.0,2.256666666666667,1.8333333333333333,1.5,1.1666666666666667,1.0,5.5,0.16666666666666666,1.5,3.8333333333333335,3.6666666666666665,9.166666666666666,15.924375,3.2185,0.0,156.16666666666666,226.0
30.5,74.5,71.974641,803.7325,13.0,3.5,98.5,2.825,1.75,2.0,4.25,3.5,11.5,0.25,1.0,0.75,0.0,2.0,11.28875,0.0,0.3871178,110.75,148.0
46.5,53.0,109.93382499999998,849.0,9.5,5.0,161.5,1.8399999999999999,2.0,2.0,5.0,1.5,10.5,0.0,1.0,0.0,5.5,6.5,30.7975,0.3995,0.0,104.0,72.0
37.142857142857146,67.42857142857143,89.20016,855.4,12.285714285714286,4.142857142857143,133.85714285714286,2.2142857142857144,2.0,2.857142857142857,0.5714285714285714,0.0,5.428571428571429,0.0,1.4285714285714286,2.2857142857142856,0.0,3.7142857142857144,27.667767857142856,1.5728571428571427,0.0,114.28571428571429,97.0
43.25,40.0,100.9513675,874.11,7.25,5.0,167.75,1.37,2.0,0.0,5.25,0.0,7.25,0.0,0.0,2.25,0.0,2.25,28.414375,0.0,0.0,201.75,41.0
44.25,42.0,102.475,919.11,7.25,5.0,165.75,1.38375,2.0,0.0,5.0,1.25,8.25,0.0,0.0,0.0,2.25,2.25,27.650625000000005,0.0,0.0,201.75,42.0
20.0,67.5,42.955903500000005,918.15,11.0,3.5,123.0,1.87,2.0,1.5,2.5,0.0,6.0,0.0,1.5,2.5,0.0,4.0,16.52891215105,0.8125,0.0001550603448275,109.5,186.0
42.666666666666664,61.333333333333336,100.10121153333333,895.9255555555555,10.666666666666666,4.777777777777778,153.88888888888889,2.042222222222222,1.1111111111111112,1.7777777777777777,7.777777777777778,0.0,10.666666666666666,0.2222222222222222,0.8888888888888888,0.0,0.0,1.1111111111111112,42.04888888888889,0.35511111111111116,0.0,132.11111111111111,15.0
34.75,40.5,77.93641249999999,926.0899999999999,7.25,4.5,155.75,1.3575,2.0,0.0,5.0,0.75,7.75,0.0,0.0,0.0,2.75,2.75,25.34125,0.0,0.0,201.75,48.0
50.0,64.33333333333333,125.21248666666666,933.4866666666667,11.666666666666666,4.666666666666667,136.66666666666666,2.28,2.0,2.6666666666666665,4.0,0.0,8.666666666666666,0.0,1.3333333333333333,2.6666666666666665,0.0,4.0,25.412777777766664,0.15466666666666667,0.0,129.66666666666666,85.0
45.5,55.0,105.919,934.3875,9.5,5.0,154.5,1.6775,1.5,0.5,7.5,0.0,9.5,0.0,2.5,0.0,0.0,2.5,29.29,0.0,0.0,182.0,49.0
40.333333333333336,57.0,94.12530399999999,941.3866666666667,10.333333333333334,4.666666666666667,149.33333333333334,1.76,2.0,1.3333333333333333,7.0,0.0,10.333333333333334,0.0,2.6666666666666665,3.0,0.0,5.666666666666667,29.601666666666663,0.0,2.1166666666666666e-06,158.66666666666666,64.0
71.0,51.5,174.944025,874.2,9.0,6.0,175.5,1.575,2.0,1.5,5.0,8.5,17.0,0.0,1.5,0.0,5.5,7.0,34.3125,0.0,0.0,103.0,48.0
33.5,67.25,75.518845,914.6825,11.0,4.25,132.5,1.7574999999999998,1.75,0.75,8.5,0.0,11.0,0.25,3.75,1.5,0.0,5.5,18.688125,0.0,0.0,105.25,122.0
22.75,50.0,49.0986,891.7625,8.75,3.5,124.0,1.5474999999999999,1.75,0.0,7.0,0.0,8.75,0.25,0.0,0.5,0.0,0.75,13.708333333325,0.0,0.148848675,210.5,86.0
52.5,52.0,128.9230345,889.525,9.0,4.75,135.5,1.96,1.25,0.25,7.5,7.0,16.0,0.75,1.25,0.0,0.0,2.0,18.563333333324998,0.0,0.0,204.5,56.0
36.5,79.25,86.43188465,934.1399999999999,14.0,4.25,132.25,1.9275,1.75,2.25,7.5,0.0,11.5,0.25,2.25,0.0,0.0,2.5,24.269166666649998,0.232,0.0,188.5,52.0
38.76923076923077,53.46153846153846,89.27584615384616,912.0907692307693,9.692307692307692,4.615384615384615,153.69230769230768,1.6046153846153846,2.0,1.5384615384615385,6.153846153846154,0.0,9.692307692307692,0.0,2.1538461538461537,0.0,0.0,2.1538461538461537,32.825384615384614,0.0,0.0,184.53846153846155,36.0
39.5,72.0,91.128,931.425,12.5,4.5,135.5,1.93,1.5,1.0,10.0,0.0,12.5,0.5,2.0,0.0,0.0,2.5,22.1775,0.0,0.0,183.0,77.0
14.333333333333334,77.0,31.640753333333333,926.0066666666667,2.3333333333333335,2.3333333333333335,75.33333333333333,2.0,1.0,0.0,1.3333333333333333,0.0,2.3333333333333335,1.0,0.0,2.0,0.0,3.0,10.47,5.235333333333333,0.0,205.66666666666666,178.0
31.5,40.5,72.78231725,907.595,7.5,4.0,139.75,1.895,1.75,0.75,2.5,3.5,8.5,0.25,0.75,0.0,0.0,1.0,26.7521875,1.60925,0.0,217.25,59.0
14.4,71.8,30.39808,904.8799999999999,12.0,2.8,95.2,2.728,1.6,2.4,2.0,0.0,6.0,0.4,1.2,2.0,0.0,3.6,9.939,0.0,0.0,98.8,203.0
71.75,48.5,177.17000000000002,881.66,7.5,6.0,163.75,1.59375,2.0,0.0,5.0,10.75,17.75,0.0,0.0,0.0,3.25,3.25,28.889418103449998,0.0,0.0,180.0,56.0
29.333333333333332,72.83333333333333,69.98537999999999,907.5333333333333,12.0,3.3333333333333335,103.5,2.7550000000000003,2.0,2.6666666666666665,0.6666666666666666,4.666666666666667,10.0,0.0,1.3333333333333333,2.6666666666666665,0.0,4.0,13.900833333333333,0.0,0.00037451666666666667,78.5,132.0
59.625,68.5,144.119338375,872.88625,11.625,5.375,141.0,2.00875,1.625,0.0,10.0,5.25,16.875,0.375,0.0,0.0,0.0,0.375,18.446875,0.0,0.0,205.625,73.0
38.0,59.5,91.470455,940.525,9.0,4.0,130.5,2.145,2.0,1.5,0.0,6.5,10.0,0.0,1.5,0.0,0.5,2.0,22.274375,3.2185,0.0,194.0,180.0
34.25,68.0,77.4411,923.9425000000001,9.25,4.25,138.25,1.745,1.5,0.25,7.5,0.0,9.25,0.5,1.25,0.0,0.0,1.75,18.601875,0.0,0.0,177.0,66.0
55.0,56.75,132.78975,997.4050000000001,8.0,5.25,159.5,1.555,2.0,0.5,5.0,7.0,14.5,0.0,1.0,0.0,0.0,1.0,27.685,0.09575,0.0,217.25,33.0
31.333333333333332,77.0,70.91939833333333,1020.0466666666666,13.333333333333334,4.0,123.33333333333333,2.17,2.0,2.3333333333333335,5.666666666666667,0.0,10.0,0.0,1.6666666666666667,1.0,0.0,2.6666666666666665,22.530625,0.734,0.5161570666666667,143.33333333333334,116.0
63.0,53.0,155.9608,1003.5,9.0,5.5,154.5,1.77,2.0,1.5,5.5,2.0,11.0,0.0,1.5,4.5,5.0,11.0,20.314375,0.0,0.0,114.0,75.0
30.571428571428573,74.71428571428571,69.31602857142856,1004.0971428571429,12.571428571428571,4.0,125.71428571428571,2.167142857142857,1.7142857142857142,2.2857142857142856,8.571428571428571,0.0,12.571428571428571,0.2857142857142857,1.1428571428571428,1.4285714285714286,0.0,2.857142857142857,20.002857142857145,0.4565714285714286,0.0,101.14285714285714,69.0
31.75,52.5,71.10875,1017.1125,9.25,4.25,145.25,1.64,1.5,0.25,7.5,0.0,9.25,0.5,1.25,0.0,0.0,1.75,23.806875,0.0,0.0,184.75,53.0
32.25,54.75,71.2614625,969.26,9.75,4.25,139.0,1.5424999999999998,2.0,0.0,7.75,0.0,9.75,0.0,0.0,2.25,0.0,2.25,18.56125,0.0,0.0,194.0,71.0
20.5,62.75,43.157978,987.1225,11.5,3.5,128.0,2.105,1.75,2.0,2.75,0.0,6.5,0.25,1.0,2.25,0.0,3.5,21.2196875,1.101,1.5875e-06,139.75,84.0
34.0,67.25,75.64,976.5225,11.5,4.25,126.25,1.7874999999999999,1.5,0.0,10.0,0.0,11.5,0.0,0.0,0.0,0.0,0.0,14.072500000000002,0.0,0.0,201.75,112.0
30.0,73.66666666666667,68.59566666666666,976.3333333333334,12.0,4.0,133.33333333333334,2.2133333333333334,2.0,2.6666666666666665,7.333333333333333,0.0,12.0,0.0,1.3333333333333333,2.6666666666666665,0.0,4.0,22.843333333333334,0.5326666666666667,7.5111111111e-06,74.0,16.0
35.25,50.5,83.19624999999999,970.1125,8.75,4.0,127.0,1.6399999999999997,1.5,0.0,7.25,3.5,12.25,0.5,0.0,0.25,0.0,0.75,14.883333333324998,0.0,0.0,210.5,103.0
56.5,51.0,136.034,1007.875,8.0,5.5,169.0,1.49,2.0,0.5,5.5,3.5,11.5,0.0,2.5,4.5,3.5,10.5,28.155,0.0,0.0,166.5,59.0
28.0,21.666666666666668,69.65533333333333,982.9266666666667,4.0,3.3333333333333335,130.66666666666666,1.4133333333333333,1.0,0.0,3.0,4.666666666666667,8.666666666666666,1.0,0.0,0.3333333333333333,0.0,1.3333333333333333,16.068888888866667,0.0,0.0,227.66666666666666,68.0
47.8,69.8,111.4588,989.07,11.8,5.0,140.8,1.948,1.2,0.6,10.0,0.0,11.8,0.0,3.0,0.0,0.0,3.0,20.32,0.0,0.0,173.4,89.0
35.0,44.0,79.57538976,946.91,7.666666666666667,4.333333333333333,152.0,1.5966666666666667,1.0,0.0,6.666666666666667,0.0,7.666666666666667,1.0,0.0,0.0,0.0,1.0,20.63444444443333,0.0,0.0,226.33333333333334,67.0
16.0,51.0,35.64118376,1006.9566666666666,6.0,3.0,127.0,1.5599999999999998,1.6666666666666667,1.0,3.3333333333333335,0.0,6.0,0.3333333333333333,1.0,0.0,0.0,1.3333333333333333,19.769444444433333,0.0,0.0,196.33333333333334,45.0
24.5,78.0,57.95955,964.85,13.5,3.0,90.0,3.17,2.0,3.0,1.0,3.5,9.5,0.0,1.5,1.5,0.0,3.0,10.84125,0.0,0.0,66.25,197.0
65.0,65.0,162.46297,1011.4799999999999,11.333333333333334,5.666666666666667,157.66666666666666,1.843333333333333,2.0,2.3333333333333335,7.0,1.0,12.333333333333334,0.0,1.6666666666666667,3.0,3.6666666666666665,8.333333333333334,28.782777777766665,0.15466666666666667,0.0,127.0,65.0
37.666666666666664,55.0,93.50571083333334,959.025,9.666666666666666,4.0,127.33333333333333,2.211666666666667,2.0,1.5,1.5,0.0,5.0,0.0,1.5,3.5,0.0,5.0,19.922306034483334,3.2185,5.1686781609166664e-05,208.16666666666666,193.0
32.0,79.0,71.74106666666667,957.56,14.0,4.0,120.0,2.0033333333333334,2.0,2.0,10.0,0.0,14.0,0.0,2.0,0.0,0.0,2.0,19.436666666666667,0.0,0.0,175.33333333333334,51.0
31.625,36.25,70.70875000000001,1035.7925,6.875,4.375,162.125,1.3937499999999998,2.0,1.125,3.75,0.0,6.875,0.0,1.125,0.0,0.0,1.125,35.441250000000004,0.0,0.0,202.875,36.0
32.5,62.75,71.841,1051.51,10.0,4.25,135.25,1.5699999999999998,2.0,0.0,8.0,0.0,10.0,0.0,0.0,2.0,0.0,2.0,16.26875,0.0,0.0,194.0,100.0
27.333333333333332,51.666666666666664,61.52166666666667,1061.4666666666667,6.0,4.0,152.0,1.4233333333333331,2.0,0.6666666666666666,3.3333333333333335,0.0,6.0,0.0,1.3333333333333333,0.0,0.0,1.3333333333333333,33.375,0.12766666666666668,0.0,214.66666666666666,40.0
27.75,55.0,60.773827999999995,1036.955,9.75,4.0,134.5,1.7225000000000001,2.0,0.5,7.25,0.0,9.75,0.0,2.5,2.75,0.0,5.25,17.567500000000003,0.0,0.14885026250000002,136.75,107.0
66.25,56.25,162.88715200000001,1093.185,9.75,5.75,154.5,2.035,1.5,0.5,7.75,7.0,16.75,0.5,1.0,2.25,0.0,3.75,25.895625000000003,0.0,0.0,196.25,69.0
21.25,72.25,44.918025,1078.6225,12.25,3.5,120.25,2.1799999999999997,1.5,2.0,3.75,0.0,7.25,0.5,1.0,1.25,0.0,2.75,18.4584375,1.101,0.0,148.5,94.0
80.33333333333333,72.66666666666667,200.97117933333334,1073.02,12.333333333333334,6.0,140.0,2.3666666666666667,1.3333333333333333,1.0,10.0,14.0,26.333333333333332,0.6666666666666666,1.0,0.0,0.0,1.6666666666666667,22.116666666666664,0.0,0.0,154.0,102.0
61.5,43.75,148.5167,1054.9825,7.5,5.75,174.0,1.4525,1.75,0.25,5.0,5.0,12.0,0.25,1.25,0.0,5.5,7.0,28.647499999999997,0.0,0.0,201.75,51.0
43.0,58.333333333333336,99.89807,1067.7866666666666,9.0,4.666666666666667,144.66666666666666,1.5166666666666666,2.0,0.0,6.666666666666667,4.333333333333333,13.0,0.0,0.0,0.0,0.3333333333333333,0.3333333333333333,19.233333333333334,0.0,0.0,194.0,69.0
34.25,65.0,78.0962,1080.0,11.75,4.25,138.0,1.8725000000000003,2.0,2.25,7.5,0.0,11.75,0.0,2.25,0.0,0.0,2.25,30.18875,0.0,0.0,180.75,33.0
39.5,75.0,91.41109499999999,1041.9375,12.5,4.5,136.5,2.12,1.75,2.25,8.5,0.0,12.5,0.25,2.25,1.5,0.0,4.0,23.57,0.3995,0.0,99.0,44.0
27.5,50.0,60.485425,1093.68,9.5,4.0,147.5,1.9,2.0,2.0,0.5,0.0,4.5,0.0,1.0,4.5,0.0,5.5,29.075937500000002,1.101,0.0,132.0,127.0
75.0,64.0,189.53948666666668,1096.6866666666667,11.333333333333334,6.0,164.0,1.8066666666666666,2.0,2.3333333333333335,7.333333333333333,4.666666666666667,16.333333333333332,0.0,1.6666666666666667,2.6666666666666665,0.0,4.333333333333333,33.361111111099994,0.15466666666666667,0.0,129.66666666666666,66.0
56.0,63.0,134.2274,1076.9033333333334,9.666666666666666,5.333333333333333,157.0,1.7466666666666668,1.6666666666666667,1.0,6.666666666666667,4.666666666666667,14.0,0.3333333333333333,1.0,0.0,0.0,1.3333333333333333,27.336666666666662,0.0,0.0,205.33333333333334,52.0
38.75,76.0,91.059095,1031.8325,12.75,4.25,130.0,2.2725,1.75,2.5,3.5,3.5,11.25,0.25,2.0,1.5,0.0,3.75,24.4659375,1.101,0.0,148.5,69.0
53.75,46.5,129.672075,1061.5,5.25,5.25,171.0,1.31,2.0,0.25,2.5,6.0,10.75,0.0,1.25,0.0,4.5,5.75,29.37125,0.0,0.0,194.0,45.0
36.0,49.0,82.6364,1039.62,8.5,4.25,140.75,1.6925,1.0,0.0,7.5,0.0,8.5,1.0,0.0,0.0,0.0,1.0,16.395833333324997,0.0,0.0,226.0,62.0
49.0,58.0,118.10499999999999,1040.0,9.5,5.0,158.0,1.875,2.0,2.0,5.5,3.5,13.0,0.0,1.0,4.5,3.5,9.0,28.985,0.3995,0.0,104.0,90.0
56.0,48.5,134.8305,1090.1100000000001,7.5,5.5,170.0,1.4449999999999998,2.0,0.0,5.5,3.5,11.0,0.0,0.0,4.5,3.5,8.0,25.7725,0.0,0.0,194.0,39.0
26.5,63.0,61.46873395,1136.8525,10.5,3.75,138.75,1.5150000000000001,2.0,0.75,0.0,2.75,5.5,0.0,3.75,0.0,0.75,4.5,20.043333333325,0.0,0.0,217.25,77.0
29.666666666666668,67.33333333333333,66.19983333333333,1143.1933333333334,10.0,4.0,134.66666666666666,1.8116666666666668,1.3333333333333333,0.3333333333333333,8.333333333333334,0.0,10.0,0.6666666666666666,0.6666666666666666,0.0,0.0,1.3333333333333333,16.7425,0.0,0.0,205.83333333333334,100.0
32.0,79.0,72.584925,1115.305,14.0,4.0,123.25,1.9875,2.0,2.0,7.5,0.0,11.5,0.0,2.5,0.0,0.0,2.5,21.07125,0.19325,0.0,188.25,59.0
61.2,73.2,149.2596,1119.608,12.4,5.4,137.8,2.088,1.6,1.2,9.6,5.6,18.0,0.4,2.4,0.4,0.0,3.2,25.978999999999996,0.0,0.0,174.6,102.0
52.25,59.0,123.2636,1146.1525000000001,9.5,5.25,156.0,1.7149999999999999,1.5,0.25,7.5,2.5,11.75,0.5,1.25,0.0,1.0,2.75,22.04,0.0,0.0,195.75,74.0
21.6,60.2,45.401799999999994,1174.8719999999998,10.8,3.6,128.4,1.6199999999999999,2.0,0.8,4.0,0.0,6.8,0.0,1.6,0.0,0.0,1.6,21.314,0.30920000000000003,0.0,213.4,70.0
42.0,74.33333333333333,101.02233333333334,1128.7733333333333,12.0,4.666666666666667,145.33333333333334,1.9133333333333333,2.0,2.6666666666666665,7.333333333333333,0.0,12.0,0.0,1.3333333333333333,2.6666666666666665,0.0,4.0,28.738888888866665,0.30933333333333335,7.5111111111e-06,166.0,18.0
25.5,58.75,58.85375,1113.5,2.25,3.75,153.75,1.2875,2.0,0.0,0.0,2.5,4.5,0.0,0.0,0.0,1.0,1.0,24.9775,0.0,0.0,194.0,33.0
52.0,48.5,126.968156,1179.2,9.0,5.0,159.0,1.69,2.0,1.5,5.5,7.0,16.0,0.0,1.5,4.5,0.0,6.0,27.5925,0.0,3.175e-06,103.0,58.0
20.25,59.25,43.78017499999999,1159.4325000000001,8.75,3.5,128.25,1.9425000000000001,2.0,0.75,3.5,0.0,6.25,0.0,0.75,4.0,0.0,4.75,15.5271875,1.60925,1.126666666665e-05,194.0,149.0
32.857142857142854,61.857142857142854,79.3213657142857,1118.8857142857144,10.285714285714286,3.7142857142857144,119.85714285714286,2.292857142857143,2.0,1.7142857142857142,0.8571428571428571,4.0,8.571428571428571,0.0,1.7142857142857142,2.0,0.0,3.7142857142857144,22.70071428571429,3.6782857142857144,0.0,209.0,41.0
47.0,66.0,108.898925,1165.0925,11.0,5.0,143.75,1.8975,1.5,0.0,9.5,0.0,11.0,0.5,0.0,0.5,0.0,1.0,17.240000000000002,0.0,0.0,209.5,90.0
41.6,30.8,95.71928,1123.9720000000002,5.6,5.0,175.0,1.3419999999999999,1.6,0.0,4.0,0.0,5.6,0.4,0.0,0.0,0.0,0.4,39.07,0.0,0.0,225.0,21.0
67.5,57.25,166.20864225,1106.2775,8.0,5.75,162.25,1.7775,1.75,0.75,5.0,10.5,18.0,0.25,0.75,0.0,0.0,1.0,29.125,0.0,0.0,210.25,48.0
73.5,53.5,183.44164999999998,1131.0,8.0,6.0,168.5,1.42,2.0,0.5,5.0,12.0,19.5,0.0,2.5,0.0,2.0,4.5,29.075,0.0,0.0,194.0,56.0
30.0,57.666666666666664,70.40435906666666,1150.98,9.666666666666666,4.0,146.0,1.4733333333333334,2.0,0.6666666666666666,0.3333333333333333,2.3333333333333335,5.333333333333333,0.0,3.3333333333333335,3.0,2.3333333333333335,8.666666666666666,21.669999999999998,0.0,0.0,214.66666666666666,114.0
20.0,7.0,40.078,1115.0,2.0,4.0,176.0,1.0,2.0,0.0,0.0,0.0,2.0,0.0,0.0,0.0,0.0,0.0,37.77,0.0,0.0,225.0,17.0
10.0,62.25,20.26804232,1161.32,11.5,2.5,104.5,2.2750000000000004,1.75,2.25,0.0,0.0,4.0,0.25,2.25,0.0,0.0,2.5,18.859739583325,3.2837500000000004,0.0,171.75,18.0
25.75,41.25,56.253705999999994,1155.8975,7.75,4.0,146.0,1.545,2.0,0.25,5.5,0.0,7.75,0.0,1.25,4.5,0.0,5.75,19.321875,0.0,3.175e-06,161.5,78.0
58.0,75.42857142857143,141.2657142857143,1161.5271428571427,12.857142857142858,5.285714285714286,140.71428571428572,2.2085714285714286,1.1428571428571428,1.7142857142857142,10.0,4.0,16.857142857142858,0.0,1.7142857142857142,0.0,0.0,1.7142857142857142,24.139523809514287,0.1325714285714286,0.0,204.14285714285714,34.0
19.0,64.5,40.957631,1250.15,10.0,3.5,130.0,1.91,2.0,1.5,1.5,0.0,5.0,0.0,1.5,3.5,0.0,5.0,17.7901190476,0.8125,0.0,115.5,171.0
68.5,60.75,168.78578449999998,1216.185,9.75,5.75,150.75,2.065,1.5,0.5,7.5,9.5,19.0,0.5,1.0,0.0,1.0,2.5,24.481249999999996,0.0,0.0,196.25,88.0
51.75,48.75,126.8235345,1239.1,8.25,4.75,134.75,2.065,0.75,0.0,7.5,7.0,15.25,0.75,0.0,0.0,0.0,0.75,16.100833333325,0.0,0.0,226.0,100.0
39.333333333333336,52.0,90.38728333333334,1220.6166666666666,9.333333333333334,4.666666666666667,153.66666666666666,1.6933333333333334,1.6666666666666667,0.6666666666666666,7.0,0.0,9.333333333333334,0.3333333333333333,1.3333333333333333,3.0,0.0,4.666666666666667,25.573333333333334,0.0,0.0,186.66666666666666,76.0
6.0,77.0,12.408850000000001,1205.525,14.0,2.0,77.5,2.54,2.0,2.0,0.0,0.0,4.0,0.0,4.0,0.0,0.0,4.0,10.970625,3.9805,0.0,180.0,103.0
61.5,54.75,149.414247,1225.8525,9.5,5.5,151.0,2.02,1.5,0.25,7.75,7.0,16.5,0.5,1.25,2.25,0.0,4.0,22.50625,0.0,0.0,195.75,89.0
39.8,70.2,93.72435240000001,1203.724,11.0,4.6,146.6,1.81,2.0,2.2,4.8,0.0,9.0,0.0,1.4,3.2,0.0,4.6,27.69738095236,0.5105999999999999,0.0,138.8,27.0
24.0,46.57142857142857,53.28486817142857,1198.7057142857143,8.571428571428571,3.857142857142857,149.85714285714286,1.4100000000000001,2.0,0.8571428571428571,0.0,0.0,2.857142857142857,0.0,2.5714285714285716,0.0,0.0,2.5714285714285716,33.79,0.22085714285714286,0.0,225.57142857142858,43.0
39.25,42.0,89.502425,1180.1075,7.75,4.75,161.0,1.4675,2.0,0.25,5.5,0.0,7.75,0.0,1.25,4.5,0.0,5.75,25.7375,0.0,0.0,180.25,61.0
32.0,76.22222222222223,73.41175111111112,1193.1344444444444,12.88888888888889,3.888888888888889,123.22222222222223,2.2977777777777777,1.7777777777777777,2.6666666666666665,1.7777777777777777,3.111111111111111,9.333333333333334,0.0,1.3333333333333333,1.5555555555555556,0.0,2.888888888888889,22.819027777777777,1.468,0.0,122.55555555555556,4.0
33.75,66.5,76.717,1220.5025,8.75,4.25,135.25,1.8800000000000001,1.0,0.25,7.5,0.0,8.75,0.0,1.25,0.0,0.0,1.25,17.641875,0.0,0.0,177.0,132.0
59.75,56.75,144.29065,1223.9925,7.75,5.5,165.0,1.5025000000000002,2.0,0.25,5.5,7.0,14.75,0.0,1.25,4.5,0.0,5.75,25.37125,0.0,0.00112355,180.25,58.0
48.333333333333336,57.333333333333336,114.43144,1178.1733333333334,9.0,5.0,155.33333333333334,1.6366666666666667,1.6666666666666667,0.3333333333333333,6.666666666666667,3.6666666666666665,12.333333333333334,0.3333333333333333,1.6666666666666667,0.0,1.0,3.0,22.021111111099998,0.0,0.0,186.0,66.0
49.0,48.333333333333336,116.66000000000001,1195.3833333333334,8.333333333333334,5.0,151.33333333333334,1.6866666666666668,1.6666666666666667,0.3333333333333333,6.333333333333333,4.666666666666667,13.0,0.3333333333333333,1.6666666666666667,0.3333333333333333,0.0,2.3333333333333335,25.683333333333334,0.0,0.0,196.33333333333334,72.0
27.333333333333332,51.666666666666664,63.23916666666667,1203.3333333333333,6.0,4.0,155.66666666666666,1.3666666666666665,2.0,0.6666666666666666,0.0,0.0,2.6666666666666665,0.0,1.3333333333333333,0.0,0.0,1.3333333333333333,35.64,0.25766666666666665,0.0,216.66666666666666,35.0
30.333333333333332,71.33333333333333,68.2528,1184.9266666666665,9.0,4.0,134.66666666666666,1.7566666666666666,2.0,1.0,6.0,0.0,9.0,0.0,1.0,0.6666666666666666,0.0,1.6666666666666667,21.59,0.0,0.19846490000000003,195.0,86.0
42.5,36.5,100.4365,1178.885,6.5,5.0,173.5,1.395,1.5,0.0,5.0,0.0,6.5,0.5,0.0,0.0,0.0,0.5,37.33,0.0,0.0,227.0,18.0
37.5,46.5,88.838,1206.25,2.5,4.5,168.75,1.245,2.0,0.0,0.0,3.5,5.5,0.0,0.0,0.0,3.5,3.5,27.9575,0.0,0.0,194.0,36.0
42.75,37.5,98.6799675,1194.4650000000001,6.75,5.0,168.25,1.49,1.5,0.0,5.25,0.0,6.75,0.5,0.0,2.25,0.0,2.75,26.831875,0.0,0.0,217.25,54.0
74.0,54.5,184.5955495,1322.97,9.25,6.0,155.5,2.0175,1.5,0.0,8.0,7.0,16.5,0.5,0.0,2.0,0.0,2.5,21.316249999999997,0.0,0.0,217.25,97.0
59.0,59.0,143.34516,1325.3899999999999,9.0,5.5,165.5,1.64,2.0,1.5,5.0,5.5,14.0,0.0,1.5,0.0,1.5,3.0,31.14666666665,0.0,0.0,180.0,63.0
32.333333333333336,62.333333333333336,76.30995906666668,1267.6466666666668,9.666666666666666,4.0,143.0,1.4966666666666668,2.0,0.6666666666666666,0.3333333333333333,4.666666666666667,7.666666666666667,0.0,3.3333333333333335,3.0,0.0,6.333333333333333,20.608333333333334,0.0,0.0007490333333333333,214.66666666666666,82.0
61.0,47.0,148.22621333333333,1307.9166666666667,6.333333333333333,5.666666666666667,175.33333333333334,1.4133333333333333,2.0,0.3333333333333333,3.3333333333333335,7.333333333333333,13.0,0.0,1.6666666666666667,0.0,2.0,3.6666666666666665,28.57555555553333,0.0,0.0,175.66666666666666,55.0
35.0,56.5,80.139,1267.6100000000001,8.0,4.5,152.0,1.615,2.0,0.0,6.0,0.0,8.0,0.0,0.0,4.0,0.0,4.0,18.0925,0.0,1.126666666665e-05,194.0,81.0
59.0,59.333333333333336,143.39126666666667,1319.1333333333334,9.333333333333334,5.333333333333333,154.66666666666666,1.7166666666666668,2.0,1.0,6.0,8.0,17.0,0.0,1.0,0.6666666666666666,1.3333333333333333,3.0,24.83666666666667,0.0,0.19846490000000003,143.66666666666666,80.0
58.714285714285715,80.14285714285714,144.86169714285714,1277.8142857142855,13.571428571428571,5.285714285714286,142.28571428571428,2.04,1.8571428571428572,2.857142857142857,8.857142857142858,4.0,17.571428571428573,0.14285714285714285,1.4285714285714286,1.1428571428571428,0.0,2.7142857142857144,29.565238095214287,0.33142857142857146,0.0,173.42857142857142,20.0
17.0,56.0,36.58023333333333,1315.0166666666667,7.666666666666667,3.3333333333333335,130.33333333333334,2.04,2.0,1.0,1.3333333333333333,0.0,4.333333333333333,0.0,1.0,5.333333333333333,0.0,6.333333333333333,16.049583333333334,2.1456666666666666,1.50222222222e-05,194.0,204.0
63.0,66.5,153.7475,1317.81,11.0,5.5,140.0,1.9849999999999999,1.5,0.0,9.5,7.0,18.0,0.5,0.0,0.5,0.0,1.0,17.2575,0.0,0.0,209.5,137.0
82.5,56.5,207.3380745,1274.165,9.5,6.25,154.25,2.05,1.5,0.25,7.75,11.0,20.5,0.5,1.25,2.25,3.0,7.0,21.372500000000002,0.0,0.0,195.75,109.0
35.333333333333336,70.66666666666667,80.94133333333333,1277.8,11.333333333333334,4.333333333333333,138.33333333333334,1.9633333333333332,2.0,2.0,7.333333333333333,0.0,11.333333333333334,0.0,2.0,2.6666666666666665,0.0,4.666666666666667,24.040000000000003,0.39399999999999996,0.0,144.33333333333334,102.0
32.25,61.5,72.44425,1271.5725,9.75,4.25,141.5,1.78,1.5,0.25,8.0,0.0,9.75,0.5,1.25,2.0,0.0,3.75,15.7725,0.0,5.633333333325e-06,195.75,120.0
23.0,66.33333333333333,49.613383999999996,1284.4333333333334,11.0,3.6666666666666665,119.66666666666667,1.9833333333333332,2.0,1.0,4.666666666666667,0.0,7.666666666666667,0.0,1.0,2.0,0.0,3.0,14.3534126984,0.5416666666666666,1.0323141333333334,130.0,228.0
39.0,51.333333333333336,89.65386666666667,1322.6833333333334,9.0,4.666666666666667,151.0,1.7766666666666666,1.3333333333333333,1.0,6.666666666666667,0.0,9.0,0.0,1.0,0.0,0.0,1.0,30.271666666666665,0.0,0.0,205.33333333333334,63.0
50.0,61.333333333333336,119.304523,1256.08,9.333333333333334,5.0,144.33333333333334,1.8933333333333333,1.6666666666666667,0.3333333333333333,7.333333333333333,4.666666666666667,14.0,0.3333333333333333,1.6666666666666667,2.6666666666666665,0.0,4.666666666666667,19.584166666666665,0.0,0.0,161.0,125.0
43.625,71.875,101.611309825,1355.9275,12.125,4.75,136.75,2.24125,0.75,1.375,8.75,0.0,10.875,0.0,0.875,0.0,0.0,0.875,21.82,0.2655,0.0,184.75,20.0
64.0,45.2,156.56220000000002,1363.804,7.6,5.8,164.8,1.698,1.6,0.0,6.0,6.0,13.6,0.4,0.0,4.0,5.2,9.6,24.803000000000004,0.0,0.0,206.4,89.0
55.666666666666664,52.0,134.82133333333334,1331.7266666666667,9.0,5.333333333333333,156.66666666666666,1.7599999999999998,1.6666666666666667,1.0,6.333333333333333,4.666666666666667,13.666666666666666,0.3333333333333333,1.0,0.3333333333333333,0.0,1.6666666666666667,33.60333333333333,0.0,0.0,205.33333333333334,60.0
39.0,69.0,94.22252316000001,1376.642,11.8,4.2,127.0,1.8780000000000001,1.6,0.6,3.6,5.6,11.4,0.4,3.0,0.4,0.0,3.8,15.895999999999997,0.0,0.0,225.0,153.0
25.5,40.0,56.605425,1361.0,2.5,4.0,165.5,1.2650000000000001,2.0,0.0,0.5,0.0,2.5,0.0,0.0,4.5,0.0,4.5,27.6275,0.0,0.0,194.0,41.0
29.285714285714285,64.14285714285714,67.85486225714286,1401.4871428571428,10.428571428571429,3.857142857142857,137.85714285714286,1.5899999999999999,2.0,1.0,0.0,3.7142857142857144,6.714285714285714,0.0,3.2857142857142856,0.0,0.2857142857142857,3.5714285714285716,21.41142857142857,0.22085714285714286,0.0,216.71428571428572,85.0
32.0,60.25,70.92399999999999,1384.0549999999998,9.5,4.25,140.25,1.6949999999999998,1.5,0.0,8.0,0.0,9.5,0.5,0.0,2.0,0.0,2.5,14.82375,0.0,0.0,209.5,122.0
49.0,56.5,116.923475,1359.5,9.0,5.0,156.5,1.695,2.0,1.5,5.0,4.5,13.0,0.0,1.5,0.0,2.5,4.0,26.95583333335,0.0,0.0,180.0,77.0
25.0,53.333333333333336,55.15233333333333,1394.97,7.0,4.0,147.33333333333334,1.6300000000000001,2.0,0.3333333333333333,4.666666666666667,0.0,7.0,0.0,1.6666666666666667,5.333333333333333,0.0,7.0,17.4125,0.0,1.50222222222e-05,150.66666666666666,121.0
29.0,69.25,67.944875,1393.6,7.0,3.75,132.25,1.6999999999999997,1.75,0.5,2.25,3.5,8.0,0.25,1.0,0.25,0.0,1.5,20.31,0.19325,0.0,210.0,99.0
43.0,38.0,99.4047,1399.5,6.5,5.0,164.0,1.5150000000000001,2.0,0.0,4.5,0.5,7.0,0.0,0.0,5.5,6.5,12.0,23.78,0.0,0.29769735,209.5,73.0
54.333333333333336,57.333333333333336,129.499,1342.6000000000001,8.666666666666666,5.333333333333333,156.66666666666666,1.7400000000000002,1.3333333333333333,0.3333333333333333,6.666666666666667,4.0,12.333333333333334,0.0,1.6666666666666667,0.0,0.6666666666666666,2.3333333333333335,23.084999999999997,0.0,0.0,186.0,91.0
35.6,59.8,80.55224000000001,1390.22,10.4,4.4,138.4,1.9520000000000004,1.2,1.2,8.0,0.0,10.4,0.0,1.2,0.0,0.0,1.2,22.188,0.0,0.0,201.4,87.0
29.0,69.75,68.29040395000001,1384.8525,12.0,3.75,126.0,1.7575,2.0,0.75,1.75,3.5,8.0,0.0,3.75,0.75,0.0,4.5,15.9125,0.0,0.0,225.0,151.0
60.75,59.75,147.569325,1331.275,9.0,5.5,152.5,1.82,1.0,0.25,7.5,7.0,15.75,0.0,1.25,0.0,0.0,1.25,22.4625,0.0,0.0,217.25,82.0
4.0,36.5,8.876,1400.845,7.0,2.0,106.0,1.51,1.5,0.5,0.0,0.0,2.0,0.5,2.5,0.0,0.0,3.0,11.882916666649999,0.762,0.0,197.5,69.0
53.0,53.0,124.88725,1366.2866666666669,8.333333333333334,5.333333333333333,161.33333333333334,1.6900000000000002,1.3333333333333333,0.0,6.666666666666667,3.0,11.0,0.6666666666666666,0.0,0.0,1.6666666666666667,2.3333333333333335,21.465555555566667,0.0,0.0,214.66666666666666,74.0
30.25,60.0,69.3966993,1335.4850000000001,9.75,4.0,139.5,1.59,2.0,0.5,2.0,2.75,7.25,0.0,2.5,0.5,0.75,3.75,18.503333333325003,0.0,0.148848675,217.25,94.0
82.0,54.0,205.48389175,1464.2475,9.0,6.25,152.0,2.2800000000000002,1.25,0.0,7.75,11.0,20.0,0.75,0.0,2.25,3.0,6.0,18.82,0.0,0.0,203.5,126.0
40.666666666666664,60.0,100.057,1429.0,10.333333333333334,4.333333333333333,136.33333333333334,1.6933333333333334,2.0,1.3333333333333333,0.0,2.0,5.333333333333333,0.0,2.6666666666666665,0.0,2.6666666666666665,5.333333333333333,19.653333333333332,0.5153333333333333,0.1060012125,155.0,93.0
26.75,58.25,58.8640975,1444.9775,8.75,4.0,133.5,1.7774999999999999,2.0,0.25,6.5,0.0,8.75,0.0,1.25,3.5,0.0,4.75,14.009374999999999,0.0,0.7742412333333334,161.5,185.0
66.0,59.666666666666664,161.62293333333335,1469.05,8.666666666666666,5.666666666666667,155.0,1.7766666666666666,1.6666666666666667,0.3333333333333333,6.666666666666667,9.333333333333334,18.0,0.3333333333333333,1.6666666666666667,3.3333333333333335,0.0,5.333333333333333,22.715,0.0,0.0007490333333333333,186.0,107.0
41.75,64.0,96.62201125,1420.045,10.25,4.75,139.0,1.9775,1.0,0.5,8.75,0.0,10.25,0.0,1.0,1.25,0.0,2.25,18.148146551725,0.0,7.753017241375e-05,202.0,133.0
51.0,60.5,121.92790500000001,1454.0,9.0,5.0,154.5,1.715,2.0,1.5,5.0,6.5,15.0,0.0,1.5,0.0,0.5,2.0,25.9775,0.0,0.0,180.0,80.0
48.0,59.0,116.74170480000001,1422.52,10.0,4.8,142.2,1.934,2.0,1.2,2.8,5.6,11.6,0.0,1.2,1.2,0.0,2.4,27.430095238080003,0.65,0.0,136.6,99.0
31.6,65.8,75.97362928,1484.8,10.8,3.6,114.8,2.594,2.0,2.4,0.0,4.4,8.8,0.0,1.2,0.0,1.2,2.4,17.30433333332,1.6872,0.0,122.4,105.0
29.0,56.666666666666664,65.4849,1439.6833333333334,7.666666666666667,4.0,140.33333333333334,1.9000000000000001,2.0,1.0,1.3333333333333333,0.0,4.333333333333333,0.0,1.0,5.333333333333333,0.0,6.333333333333333,20.38625,2.1456666666666666,0.0,194.0,173.0
33.5,65.75,73.69754999999999,1422.27,11.0,4.25,127.75,1.9224999999999999,2.0,0.5,8.5,0.0,11.0,0.0,1.0,1.5,0.0,2.5,16.06125,0.0,0.44654602500000007,204.0,164.0
31.2,64.6,71.2634,1436.308,10.6,4.0,134.6,1.7719999999999998,1.6,0.8,4.0,2.8,9.2,0.4,1.6,0.0,0.0,2.0,19.428,0.30920000000000003,0.0,225.8,77.0
28.666666666666668,67.0,64.38233333333334,1454.6000000000001,10.666666666666666,4.0,133.33333333333334,1.8533333333333333,2.0,1.3333333333333333,7.333333333333333,0.0,10.666666666666666,0.0,2.6666666666666665,2.6666666666666665,0.0,5.333333333333333,20.900000000000002,0.25533333333333336,7.5111111111e-06,214.66666666666666,112.0
47.0,75.33333333333333,112.95596,1426.0,12.333333333333334,4.666666666666667,136.66666666666666,2.1999999999999997,2.0,2.6666666666666665,7.666666666666667,4.666666666666667,17.0,0.0,1.3333333333333333,2.3333333333333335,0.0,3.6666666666666665,23.320000000000004,0.5326666666666667,0.0,85.66666666666667,31.0
52.75,62.25,128.03466915,1434.0325,9.75,5.0,142.0,2.005,1.5,0.25,5.5,7.0,14.25,0.5,1.25,2.0,0.0,3.75,18.268749999999997,0.0,0.0,217.25,135.0
62.75,54.25,153.07004225,1475.5025,7.25,5.5,158.0,1.6824999999999999,1.75,0.0,5.5,10.5,17.75,0.25,0.0,4.5,0.0,4.75,22.0975,0.0,0.00112355,201.75,85.0
59.25,54.25,142.5532,1425.2875000000001,7.25,5.5,165.75,1.54,1.75,0.0,5.5,7.0,14.25,0.25,0.0,4.5,0.0,4.75,23.388749999999998,0.0,0.00112355,201.75,68.0
34.666666666666664,72.33333333333333,81.92917466666667,1443.2,12.0,4.0,125.33333333333333,2.2466666666666666,2.0,2.0,1.3333333333333333,4.666666666666667,10.0,0.0,2.0,2.0,0.0,4.0,20.3968253968,1.0833333333333333,0.0,77.66666666666667,188.0
69.75,42.75,170.51264225,1531.1825,6.75,6.0,167.5,1.7825,1.5,0.0,4.75,9.5,15.75,0.5,0.0,0.25,4.5,5.25,24.85125,0.0,0.0,209.5,90.0
32.666666666666664,64.0,76.6779462,1518.8233333333335,10.0,4.0,139.66666666666666,1.593333333333333,2.0,1.0,0.3333333333333333,4.666666666666667,8.0,0.0,3.0,3.0,0.0,6.0,21.92833333333333,0.25766666666666665,0.0007490333333333333,215.33333333333334,91.0
59.666666666666664,47.666666666666664,146.29635,1496.22,8.333333333333334,5.333333333333333,147.33333333333334,2.146666666666667,1.3333333333333333,0.0,7.0,9.333333333333334,17.666666666666668,0.6666666666666666,0.0,3.0,0.0,3.6666666666666665,18.544999999999998,0.0,2.1166666666666666e-06,214.66666666666666,107.0
31.0,58.25,69.56675,1517.02,8.5,4.25,140.75,1.79,2.0,0.5,6.0,0.0,8.5,0.0,1.0,4.0,0.0,5.0,17.85875,0.0,1.0553370333333334,198.25,181.0
32.6,62.0,75.32514,1507.49,9.8,4.0,120.6,2.162,1.8,0.6,5.4,2.8,10.6,0.2,0.6,2.6,0.0,3.4,12.395749999999998,1.2874,1.26639768,221.2,214.0
24.0,55.6,53.20408,1541.17,7.6,3.8,137.0,2.052,1.6,0.8,3.2,0.0,5.6,0.0,0.4,4.8,0.0,5.2,14.717000000000002,0.0,1.351999999998e-05,163.8,167.0
37.6,63.0,85.98516,1529.76,10.2,4.4,135.4,1.8159999999999996,2.0,0.8,7.2,2.4,12.4,0.0,1.6,0.8,0.4,2.8,19.447,0.1532,0.23815788000000002,218.8,96.0
29.4,43.8,64.4233248,1502.75,7.8,4.2,146.0,1.6640000000000001,2.0,0.2,5.6,0.0,7.8,0.0,1.0,4.4,0.0,5.4,17.874000000000002,0.0,0.23816042000000004,195.4,101.0
60.5,61.25,149.1820345,1525.915,7.0,5.25,147.0,1.9225,1.5,0.0,5.5,10.5,17.5,0.5,0.0,2.0,0.0,2.5,19.622500000000002,0.0,0.0,209.5,110.0
32.666666666666664,49.333333333333336,74.68216666666667,1523.0,8.333333333333334,4.333333333333333,149.0,1.6166666666666665,2.0,0.6666666666666666,2.3333333333333335,0.3333333333333333,5.333333333333333,0.0,1.3333333333333333,4.333333333333333,4.333333333333333,10.0,22.80333333333333,0.25766666666666665,0.7035542666666667,216.66666666666666,88.0
44.75,51.5,103.53921249999999,1512.33,8.75,5.0,153.0,1.8275000000000001,1.0,0.0,7.75,0.0,8.75,0.0,0.0,2.25,0.0,2.25,20.17,0.0,0.0,209.5,98.0
47.0,46.5,111.235675,1493.385,7.0,5.0,163.0,1.555,1.5,0.0,5.0,4.5,11.0,0.5,0.0,0.0,2.5,3.0,21.403333333349998,0.0,0.0,209.5,84.0
52.25,57.75,123.5463025,1517.08,8.75,5.25,153.0,1.835,1.0,0.0,7.5,3.25,11.75,0.0,0.0,0.0,0.25,0.25,19.52375,0.0,0.0,209.5,102.0
54.666666666666664,58.666666666666664,130.18323666666666,1520.0266666666666,8.666666666666666,5.333333333333333,157.0,1.83,1.6666666666666667,0.6666666666666666,6.0,4.333333333333333,12.666666666666666,0.3333333333333333,1.3333333333333333,0.6666666666666666,0.3333333333333333,2.6666666666666665,25.56833333333333,0.0,0.0,186.66666666666666,111.0
59.666666666666664,76.66666666666667,145.24566666666666,1515.5199999999998,13.0,5.333333333333333,139.66666666666666,2.1,2.0,2.0,9.0,4.666666666666667,17.666666666666668,0.0,2.0,1.0,0.0,3.0,25.776666666666667,0.0,0.0,185.66666666666666,118.0
33.5,63.5,80.5713525,1617.25,11.25,4.0,132.25,1.7699999999999998,2.0,1.5,0.25,0.75,4.5,0.0,3.0,2.25,2.75,8.0,20.33625,0.57975,0.0,186.0,117.0
28.2,57.8,62.989008,1622.8,9.8,4.0,135.4,1.738,2.0,0.8,2.8,0.6,6.2,0.0,1.6,1.2,2.2,5.0,19.409,0.30920000000000003,0.61938848,207.2,118.0
46.0,71.0,111.39183333333334,1638.5533333333333,11.333333333333334,4.666666666666667,141.33333333333334,1.7666666666666668,2.0,2.0,4.0,4.666666666666667,12.666666666666666,0.0,2.0,2.6666666666666665,0.0,4.666666666666667,25.8011111111,0.4123333333333334,0.0,191.0,31.0
30.5,57.25,68.08873925,1585.325,8.0,4.25,145.75,1.6825,2.0,0.75,2.75,0.0,5.5,0.0,0.75,4.75,0.0,5.5,19.8013095238,0.40625,0.3871178,146.0,154.0
33.333333333333336,62.0,76.18216666666666,1632.5933333333332,9.333333333333334,4.333333333333333,141.33333333333334,1.8366666666666667,2.0,1.0,6.333333333333333,0.0,9.333333333333334,0.0,1.0,3.6666666666666665,0.0,4.666666666666667,18.433333333333334,0.0,0.7035542666666667,208.0,160.0
37.5,38.0,87.60609825,1580.775,7.0,4.5,152.0,1.79,1.5,0.0,5.5,3.5,10.5,0.5,0.0,4.5,0.0,5.0,18.06,0.0,3.175e-06,209.5,100.0
54.0,42.5,128.39000000000001,1586.525,6.5,5.5,168.5,1.685,1.0,0.0,5.0,3.0,9.0,0.0,0.0,0.0,4.0,4.0,23.82,0.0,0.0,195.5,80.0
11.333333333333334,63.0,24.62312133333333,1643.6666666666667,4.0,2.6666666666666665,108.0,1.656666666666667,2.0,0.0,2.0,0.0,4.0,0.0,0.0,1.3333333333333333,0.0,1.3333333333333333,8.836666666666666,0.0,0.7035542666666667,205.66666666666666,158.0
42.4,58.2,98.2414,1593.56,9.8,4.8,145.6,1.94,1.6,0.8,7.4,0.2,10.0,0.4,1.6,2.6,2.6,7.2,22.106,0.1532,0.0,218.8,133.0
41.0,61.25,93.89176125,1605.6875,9.5,4.75,141.25,1.9725,1.5,0.25,7.75,0.0,9.5,0.5,1.25,2.25,0.0,4.0,15.506896551725001,0.0,7.753017241375e-05,201.5,209.0
40.0,30.5,99.57900000000001,1596.345,5.0,4.0,134.5,1.59,1.5,0.0,3.5,7.0,12.0,0.5,0.0,1.5,0.0,2.0,15.40166666665,0.0,0.0,227.0,144.0
30.8,63.8,70.1044,1571.908,10.6,4.0,135.0,1.768,1.6,0.8,4.0,2.4,8.8,0.4,1.6,0.0,0.4,2.4,18.721,0.30920000000000003,0.0,219.6,108.0
28.75,58.25,64.83654874999999,1609.0,10.0,4.0,137.25,1.7049999999999998,2.0,1.0,1.75,1.0,5.75,0.0,2.0,0.75,2.5,5.25,21.48375,0.3865,0.3871178,210.5,118.0
65.33333333333333,60.333333333333336,160.59144,1564.0600000000002,9.333333333333334,5.666666666666667,155.66666666666666,1.8533333333333333,1.6666666666666667,1.0,6.333333333333333,8.333333333333334,17.333333333333332,0.3333333333333333,1.0,0.3333333333333333,1.0,2.6666666666666665,25.771111111099998,0.0,0.0,195.0,101.0
33.333333333333336,50.666666666666664,76.05749999999999,1597.3333333333333,8.333333333333334,4.333333333333333,148.0,1.623333333333333,2.0,0.6666666666666666,2.0,1.3333333333333333,6.0,0.0,1.3333333333333333,1.3333333333333333,3.3333333333333335,6.0,21.993333333333336,0.25766666666666665,0.7035542666666667,216.66666666666666,59.0
27.666666666666668,62.666666666666664,60.937779,1611.7666666666667,9.666666666666666,4.0,132.33333333333334,1.89,1.6666666666666667,1.0,3.6666666666666665,0.0,6.333333333333333,0.3333333333333333,1.0,3.0,0.0,4.333333333333333,16.9984126984,0.5416666666666666,0.5161570666666667,141.66666666666666,238.0
21.75,56.5,46.634634649999995,1624.1175,8.25,3.75,136.25,1.7025000000000001,2.0,0.25,3.5,0.0,5.75,0.0,1.25,4.0,0.0,5.25,13.6575,0.0,1.0553370333333334,219.25,185.0
56.5,53.0,137.485478,1581.6375,9.0,5.25,146.0,1.9249999999999998,1.5,0.25,7.25,7.0,16.0,0.5,1.25,2.75,0.0,4.5,19.13375,0.0,1.5875e-06,195.75,140.0
71.0,38.0,177.44075,1685.6925,6.5,6.0,175.75,1.575,1.75,0.0,4.75,3.5,10.0,0.25,0.0,5.25,0.0,5.5,28.57625,0.0,0.0,225.0,73.0
44.0,57.6,106.0055048,1659.3200000000002,9.6,4.6,139.4,1.9460000000000002,2.0,1.2,2.4,5.6,11.2,0.0,1.2,1.6,0.0,2.8,25.510095238079998,0.65,0.0,123.4,84.0
53.25,61.0,126.537,1647.9625,9.25,5.25,148.75,1.87,1.0,0.25,8.0,3.5,12.75,0.0,1.25,2.0,0.0,3.25,18.82,0.0,0.0,195.75,145.0
47.5,57.25,111.1170525,1648.7275,8.5,5.0,149.0,1.9049999999999998,1.5,0.25,6.5,3.25,11.5,0.5,1.25,1.0,0.25,3.0,18.979375,0.0,0.0,177.0,145.0
10.0,65.35,22.820854699999998,1717.05,2.9,2.45,103.5,1.6644999999999999,1.85,0.0,1.05,0.0,2.9,0.15,0.0,0.45,0.0,0.6,8.733,0.0,0.0,194.0,152.0
49.75,51.75,116.065,1714.2875,8.25,5.25,154.0,1.9387500000000002,0.5,0.0,7.5,1.25,9.25,0.0,0.0,0.0,2.25,2.25,19.268125,0.0,0.0,217.25,109.0
29.333333333333332,60.44444444444444,64.8918888888889,1687.6755555555555,9.333333333333334,4.111111111111111,141.66666666666666,1.71,1.5555555555555556,0.4444444444444444,5.111111111111111,0.0,7.111111111111111,0.4444444444444444,0.8888888888888888,2.6666666666666665,0.0,4.0,17.19388888888889,0.17177777777777778,0.0,215.11111111111111,138.0
37.2,60.0,84.70304000000002,1712.8,8.4,4.6,152.6,1.6700000000000004,2.0,1.2,5.2,0.0,8.4,0.0,1.2,4.8,0.0,6.0,22.787,0.0,0.0,182.8,126.0
42.0,57.8,97.86204000000001,1678.8,9.6,4.8,149.0,1.9300000000000002,1.6,1.2,6.8,0.0,9.6,0.4,1.2,1.2,0.0,2.8,26.992,0.0,0.0,189.8,77.0
40.25,52.25,92.36922799999999,1698.27,8.75,4.75,148.25,1.97,1.5,0.5,6.75,0.0,8.75,0.5,1.0,3.25,0.0,4.75,20.7,0.0,1.5875e-06,196.25,154.0
64.33333333333333,35.0,163.6858862,1659.8233333333335,6.333333333333333,5.666666666666667,177.66666666666666,1.4033333333333333,2.0,0.3333333333333333,1.3333333333333333,0.0,3.6666666666666665,0.0,1.6666666666666667,5.333333333333333,0.0,7.0,27.073333333333334,0.0,0.0,225.0,70.0
58.333333333333336,72.66666666666667,141.48929333333334,1699.1866666666665,11.666666666666666,5.333333333333333,149.33333333333334,1.8666666666666665,2.0,2.0,7.666666666666667,4.666666666666667,16.333333333333332,0.0,2.0,2.3333333333333335,0.0,4.333333333333333,27.08,0.0,0.0,187.0,102.0
40.0,65.0,97.47729,1676.525,10.0,4.0,120.5,2.27,2.0,1.5,1.5,7.0,12.0,0.0,1.5,3.5,0.0,5.0,16.444375,3.2185,0.0,211.5,307.0
37.0,66.25,87.27139430000001,1710.7350000000001,11.0,4.25,131.25,1.9249999999999998,1.75,0.5,3.75,3.5,9.5,0.25,2.5,1.25,0.0,4.0,15.2025,0.0,0.0,225.0,208.0
29.0,54.833333333333336,64.08167833333333,1742.1666666666667,9.333333333333334,4.0,131.16666666666666,1.7966666666666669,2.0,0.16666666666666666,5.5,0.0,7.666666666666667,0.0,0.8333333333333334,2.8333333333333335,0.0,3.6666666666666665,14.225000000000001,0.254,0.39692980000000005,210.0,133.0
34.75,58.5,80.83448215,1743.8675,8.75,4.25,137.0,1.6675,2.0,0.25,4.0,3.5,9.75,0.0,1.25,3.5,0.0,4.75,14.7925,0.0,0.7742356,201.75,172.0
28.5,64.5,67.950441,1722.35,6.0,3.5,113.0,1.8325,1.75,0.0,4.25,3.5,9.5,0.25,0.0,0.75,0.0,1.0,10.280000000000001,0.0,0.148848675,209.5,208.0
26.666666666666668,59.666666666666664,58.625414,1749.1000000000001,8.666666666666666,4.0,136.66666666666666,1.8166666666666664,1.3333333333333333,1.0,3.0,0.0,5.333333333333333,0.6666666666666666,1.0,3.6666666666666665,0.0,5.333333333333333,17.3134126984,0.5416666666666666,0.0,153.33333333333334,212.0
32.0,58.0,71.70138066666667,1731.7666666666667,8.0,4.333333333333333,148.66666666666666,1.7066666666666668,1.6666666666666667,1.0,2.0,0.0,4.666666666666667,0.3333333333333333,1.0,4.666666666666667,0.0,6.0,21.315079365066666,0.5416666666666666,0.0,141.66666666666666,174.0
50.25,52.0,119.513825,1740.25,6.25,5.25,167.5,1.4025,2.0,0.25,4.0,3.5,9.75,0.0,1.25,6.0,0.0,7.25,24.12375,0.0,0.0,194.0,121.0
22.833333333333332,53.833333333333336,47.610433333333326,1729.1666666666667,9.166666666666666,3.6666666666666665,126.0,1.78,2.0,0.16666666666666666,5.333333333333333,0.0,7.5,0.0,0.8333333333333334,1.3333333333333333,0.0,2.1666666666666665,14.370416666666669,0.254,0.39692980000000005,215.16666666666666,133.0
34.5,56.333333333333336,76.39955333333333,1731.1666666666667,8.833333333333334,4.333333333333333,135.33333333333334,1.7966666666666666,2.0,0.0,6.666666666666667,1.8333333333333333,10.5,0.0,0.0,1.6666666666666667,0.5,2.1666666666666665,13.722222222216667,0.0,0.49616225,219.83333333333334,135.0
32.333333333333336,59.0,72.71925399999999,1780.4333333333334,8.333333333333334,4.333333333333333,145.33333333333334,1.8933333333333333,1.6666666666666667,1.0,2.3333333333333335,0.0,5.0,0.3333333333333333,1.0,4.333333333333333,0.0,5.666666666666667,20.485079365066667,0.5416666666666666,0.0,141.66666666666666,198.0
51.75,56.25,121.7890525,1721.555,8.25,5.25,154.5,1.875,1.5,0.0,6.5,3.25,11.25,0.5,0.0,1.0,0.25,1.75,19.13875,0.0,0.0,209.5,136.0
22.666666666666668,64.66666666666667,48.65063,1741.0,10.666666666666666,3.6666666666666665,121.0,1.8866666666666667,2.0,0.6666666666666666,4.666666666666667,0.0,7.333333333333333,0.0,1.3333333333333333,2.0,0.0,3.3333333333333335,13.643333333333333,0.25766666666666665,1.0323141333333334,205.0,225.0
40.5,60.25,93.09700000000001,1730.02,9.0,4.75,145.75,2.0149999999999997,1.5,0.5,7.0,0.0,9.0,0.5,1.0,3.0,0.0,4.5,19.31375,0.0,5.633333333325e-06,196.25,180.0
33.0,35.0,73.9195225,1783.5,6.0,4.5,158.0,1.5499999999999998,2.0,0.0,4.0,0.0,6.0,0.0,0.0,6.0,0.0,6.0,21.305,0.0,0.7742356,194.0,54.0
47.75,57.0,111.53945,1775.67,8.25,5.0,148.25,1.8699999999999999,1.5,0.0,6.75,3.5,11.75,0.5,0.0,3.25,0.0,3.75,17.52625,0.0,0.000561775,209.5,146.0
29.2,59.4,66.0722,1736.2,9.4,4.0,135.6,1.736,2.0,0.8,2.4,2.0,7.2,0.0,1.6,1.6,0.8,4.0,18.716,0.30920000000000003,0.84426512,221.2,149.0
48.0,48.0,112.97619999999999,1749.0,6.5,5.0,156.5,1.575,2.0,0.0,4.0,6.0,12.0,0.0,0.0,1.0,1.0,2.0,20.4525,0.0,0.29769735,209.5,90.0
40.5,61.5,92.79105,1806.35,10.0,4.5,127.0,2.0025,1.75,0.0,8.25,3.5,13.5,0.25,0.0,1.75,0.0,2.0,11.495000000000001,0.0,0.44654602500000007,225.0,206.0
39.75,49.25,91.053978,1824.5375,8.25,4.75,146.75,1.9900000000000002,0.5,0.0,7.75,0.0,8.25,0.0,0.0,2.25,0.0,2.25,16.36625,0.0,1.5875e-06,217.25,155.0
40.0,60.77777777777778,93.98055555555555,1813.6755555555555,9.333333333333334,4.444444444444445,141.66666666666666,1.7000000000000002,1.5555555555555556,0.4444444444444444,5.111111111111111,4.666666666666667,11.777777777777779,0.4444444444444444,0.8888888888888888,2.6666666666666665,0.0,4.0,16.862222222222222,0.17177777777777778,0.0,215.11111111111111,148.0
48.75,24.75,115.4503875,1859.6,4.75,5.25,176.5,1.4849999999999999,1.75,0.0,3.0,3.5,8.25,0.25,0.0,7.0,0.0,7.25,28.02875,0.0,0.0,201.75,56.0
36.4,54.4,82.99879999999999,1873.23,7.6,4.6,147.4,1.936,0.8,0.0,6.8,0.0,7.6,0.0,0.0,3.2,0.0,3.2,15.322000000000003,0.0,9.01333333332e-06,212.6,157.0
39.333333333333336,57.333333333333336,96.06968666666667,1799.0,10.333333333333334,4.333333333333333,142.66666666666666,1.7,2.0,1.3333333333333333,0.6666666666666666,0.0,4.0,0.0,2.6666666666666665,2.6666666666666665,0.0,5.333333333333333,24.416666666666668,0.5153333333333333,0.0,226.33333333333334,106.0
24.4,63.2,53.052278,1807.6,10.0,3.8,129.8,1.778,2.0,0.8,3.2,0.0,6.0,0.0,1.6,2.8,0.0,4.4,16.913,0.30920000000000003,0.61938848,207.2,186.0
39.333333333333336,51.0,91.1325,1862.6666666666667,8.333333333333334,4.666666666666667,152.66666666666666,1.7466666666666668,1.6666666666666667,0.6666666666666666,2.3333333333333335,1.3333333333333333,6.0,0.3333333333333333,1.3333333333333333,1.0,3.3333333333333335,6.0,22.92,0.25766666666666665,0.0,205.0,82.0
41.5,36.75,97.853956,1874.3625000000002,6.5,4.75,153.75,1.7999999999999998,1.25,0.0,5.25,3.5,10.0,0.25,0.0,4.75,0.0,5.0,18.474999999999998,0.0,3.175e-06,209.5,126.0
53.333333333333336,52.333333333333336,126.28833333333334,1855.3333333333333,7.0,5.333333333333333,157.0,1.9399999999999997,1.3333333333333333,0.0,5.333333333333333,4.666666666666667,11.333333333333334,0.6666666666666666,0.0,1.3333333333333333,0.0,2.0,20.466666666666665,0.0,0.0,225.0,131.0
33.25,51.25,75.16338465000001,1829.3675,6.25,4.5,161.5,1.4000000000000001,2.0,0.25,1.5,0.0,3.75,0.0,1.25,6.0,0.0,7.25,21.516250000000003,0.0,0.0,201.75,101.0
37.0,54.875,84.462625,1870.40625,7.75,4.625,146.875,1.9525000000000001,0.75,0.0,7.0,0.0,7.75,0.0,0.0,3.0,0.0,3.0,15.265,0.0,8.4499999999875e-06,213.375,162.0
51.75,55.75,122.0485525,1825.5375,8.25,5.25,151.75,1.9625000000000001,0.5,0.0,7.5,3.25,11.25,0.0,0.0,0.0,0.25,0.25,18.2525,0.0,0.0,217.25,139.0
56.333333333333336,67.66666666666667,138.469254,1931.7666666666667,11.0,5.0,129.66666666666666,2.1966666666666668,2.0,1.0,4.666666666666667,9.333333333333334,17.0,0.0,1.0,2.0,0.0,3.0,16.996746031733334,0.5416666666666666,0.0,150.66666666666666,318.0
40.0,28.333333333333332,94.99860799999999,1889.8,5.333333333333333,4.666666666666667,158.66666666666666,1.6666666666666667,1.6666666666666667,0.0,3.6666666666666665,4.666666666666667,10.0,0.3333333333333333,0.0,6.333333333333333,0.0,6.666666666666667,19.83,0.0,4.233333333333333e-06,204.33333333333334,91.0
30.0,63.333333333333336,71.86256066666667,1917.6666666666667,6.666666666666667,3.6666666666666665,127.33333333333333,1.5899999999999999,2.0,0.6666666666666666,0.6666666666666666,4.666666666666667,8.0,0.0,1.3333333333333333,2.6666666666666665,0.0,4.0,16.843333333333334,0.25766666666666665,0.0,205.0,148.0
37.2,61.8,85.84819999999999,1923.6,9.8,4.4,139.0,1.92,1.6,0.8,3.2,2.4,8.0,0.4,1.6,0.8,0.4,3.2,19.749000000000002,0.30920000000000003,0.0,219.6,162.0
30.333333333333332,50.333333333333336,67.59415666666666,1929.3333333333333,6.333333333333333,4.333333333333333,147.33333333333334,1.5666666666666667,1.6666666666666667,0.0,4.666666666666667,0.0,6.333333333333333,0.3333333333333333,0.0,5.333333333333333,0.0,5.666666666666667,13.051724137933334,0.0,0.00020674712643666666,221.0,233.0
40.5,58.75,92.814025,1916.0375,9.0,4.75,139.0,2.065,0.25,0.0,8.75,0.0,9.0,0.25,0.0,1.25,0.0,1.5,13.605,0.0,0.0,226.0,155.0
26.0,57.833333333333336,59.55782249999999,1938.1666666666667,9.333333333333334,3.6666666666666665,123.33333333333333,1.8216666666666665,2.0,0.3333333333333333,3.5,1.5,7.333333333333333,0.0,1.6666666666666667,1.5,0.8333333333333334,4.0,12.802777777783334,0.508,0.7742356,184.66666666666666,209.0
24.75,52.25,54.668884649999995,1927.8675,6.75,4.0,148.75,1.7125000000000001,1.75,0.25,2.25,0.0,4.25,0.25,1.25,5.25,0.0,6.75,16.3875,0.0,1.126666666665e-05,210.5,150.0
20.333333333333332,64.66666666666667,42.7326,1934.6666666666667,11.0,3.3333333333333335,110.66666666666667,1.9533333333333331,2.0,0.3333333333333333,5.333333333333333,0.0,7.666666666666667,0.0,1.6666666666666667,1.3333333333333333,0.0,3.0,9.270833333333334,0.508,0.39692980000000005,205.33333333333334,250.0
53.0,62.0,126.8887,1884.7,10.0,5.0,130.0,2.0949999999999998,1.5,0.0,8.5,7.0,17.0,0.5,0.0,1.5,0.0,2.0,12.67,0.0,0.29769735,225.0,213.0
5.818181818181818,72.54545454545455,12.328245454545455,2010.7318181818182,12.181818181818182,2.090909090909091,88.0,2.0645454545454545,2.0,1.0909090909090908,0.0,0.0,3.090909090909091,0.0,4.363636363636363,0.0,0.0,4.363636363636363,9.29193181818182,1.8320909090909092,0.0,171.0909090909091,209.0
56.0,46.0,133.91791,1992.0,6.0,5.5,167.0,1.755,1.5,0.0,4.0,5.5,11.0,0.5,0.0,1.0,1.5,3.0,22.186666666649998,0.0,0.0,209.5,120.0
23.5,47.5,51.94063625,2017.0,5.5,4.0,149.5,1.6099999999999999,2.0,0.0,3.5,0.0,5.5,0.0,0.0,6.5,0.0,6.5,12.379396551725,0.0,7.753017241375e-05,226.0,209.0
24.2,56.2,54.085939999999994,2015.15,7.8,3.8,139.6,1.7899999999999998,2.0,0.6,3.2,0.0,5.8,0.0,1.8,4.8,0.0,6.6,15.994000000000003,0.8992000000000001,1.351999999998e-05,183.0,145.0
20.6,54.4,45.678848,2006.2,9.4,3.4,122.0,1.8119999999999998,2.0,0.4,3.0,0.0,5.4,0.0,2.0,3.0,0.0,5.0,13.440000000000001,0.6096,0.61938848,182.8,146.0
37.0,51.0,87.44776725,1971.5825,6.5,4.5,148.75,1.8575,1.75,0.0,4.75,3.5,10.0,0.25,0.0,5.25,0.0,5.5,13.932500000000001,0.0,0.0,228.0,186.0
25.4,56.6,58.44747000000001,1989.4,9.0,3.6,125.2,1.7899999999999998,2.0,0.4,2.4,1.8,6.6,0.0,2.0,1.6,1.0,4.6,13.50833333334,0.6096,0.84426512,196.8,123.0
36.75,43.0,85.32807550000001,1964.0,6.25,4.5,149.25,1.605,2.0,0.0,4.25,3.5,9.75,0.0,0.0,5.75,0.0,5.75,16.23125,0.0,0.7742371875,194.0,130.0
59.8,56.0,148.06099999999998,1953.2400000000002,9.2,5.2,138.6,2.004,1.4,0.2,5.4,9.2,16.2,0.6,1.0,0.6,2.0,4.2,17.4085,0.3048,0.0,207.0,160.0
37.25,52.25,86.83024999999999,2008.42,6.75,4.5,148.25,1.6575000000000002,2.0,0.0,4.75,3.5,10.25,0.0,0.0,5.25,0.0,5.25,15.498750000000001,0.0,1.126666666665e-05,194.0,166.0
31.428571428571427,58.42857142857143,72.8189057142857,2044.7142857142858,9.142857142857142,4.0,135.14285714285714,1.7814285714285714,2.0,0.8571428571428571,1.7142857142857142,3.142857142857143,7.714285714285714,0.0,1.7142857142857142,1.1428571428571428,0.8571428571428571,3.7142857142857144,18.492380952371427,0.8631428571428572,0.6030465142857143,213.42857142857142,129.0
32.57142857142857,60.714285714285715,75.68647142857144,2098.714285714286,9.142857142857142,4.0,133.71428571428572,1.792857142857143,2.0,0.8571428571428571,2.0,4.0,8.857142857142858,0.0,1.7142857142857142,3.7142857142857144,0.0,5.428571428571429,17.958571428571428,0.8631428571428572,0.6036885428571429,213.42857142857142,141.0
19.4,63.0,41.30544772,2037.8940000000002,10.2,3.4,118.6,1.9300000000000002,2.0,0.6,3.6,0.0,6.2,0.0,1.8,2.4,0.0,4.2,10.862,0.8992000000000001,1.26639768,221.2,230.0
53.25,49.0,127.48419875,2061.75,5.75,5.25,161.5,1.655,1.75,0.0,4.0,7.0,12.75,0.25,0.0,6.0,0.0,6.25,20.37125,0.0,0.38824135,194.0,120.0
41.25,36.0,97.137206,2048.7625,6.25,4.75,155.0,1.78,1.5,0.0,4.75,3.5,9.75,0.0,0.0,5.25,0.0,5.25,18.2725,0.0,3.175e-06,209.5,136.0
40.4,54.4,93.9775,2080.8,8.6,4.6,141.6,2.0100000000000002,1.4,0.2,4.8,1.2,7.6,0.6,1.0,1.2,1.6,4.4,16.264499999999998,0.3048,0.0,201.4,164.0
33.833333333333336,56.0,78.40908333333333,2079.6666666666665,9.333333333333334,4.166666666666667,133.0,2.0066666666666664,1.5,0.3333333333333333,4.166666666666667,0.16666666666666666,6.166666666666667,0.5,1.6666666666666667,2.5,2.1666666666666665,6.833333333333333,15.417499999999999,0.508,0.0,200.16666666666666,179.0
52.333333333333336,56.333333333333336,127.60083333333334,2037.0,8.666666666666666,5.0,148.0,1.7733333333333334,2.0,0.6666666666666666,2.3333333333333335,8.0,13.0,0.0,1.3333333333333333,1.0,1.3333333333333333,3.6666666666666665,21.963333333333335,0.25766666666666665,0.0,215.33333333333334,146.0
49.4,70.8,118.48895999999999,2132.0,11.4,4.8,136.2,2.2520000000000002,2.0,1.8,7.6,5.6,17.0,0.0,1.8,2.4,0.0,4.2,19.725,0.0,0.0,191.2,134.0
36.5,35.0,84.708806,2165.5,6.0,4.5,152.0,1.7075,2.0,0.0,4.0,3.5,9.5,0.0,0.0,6.0,0.0,6.0,17.22,0.0,0.14885185,201.75,141.0
36.375,53.0,82.2660625,2126.0,7.125,4.625,148.75,2.0025,1.375,0.0,5.75,0.0,7.125,0.625,0.0,4.25,0.0,4.875,14.783750000000001,0.0,8.4499999999875e-06,213.375,205.0
36.25,48.75,85.22551125,2176.75,5.75,4.5,150.75,1.7075,2.0,0.0,3.75,3.5,9.25,0.0,0.0,6.25,0.0,6.25,14.489396551725001,0.0,8.879683908039999e-05,199.75,206.0
33.0,49.5,74.159875,2137.25,6.0,4.5,152.25,1.815,1.75,0.0,4.25,0.0,6.0,0.25,0.0,5.75,0.0,6.0,15.326250000000002,0.0,1.126666666665e-05,201.75,204.0
63.25,44.5,154.57175,2179.0,5.75,5.75,167.75,1.7100000000000002,1.75,0.0,3.5,8.5,13.75,0.25,0.0,1.5,2.0,3.75,22.55,0.0,0.0,201.75,126.0
33.75,60.0,77.319175,2127.1875,8.75,4.25,142.0,1.7475,2.0,0.75,3.5,0.0,6.25,0.0,2.25,4.0,0.0,6.25,19.0725,1.124,0.0,180.25,119.0
44.2,57.6,105.90217,2130.2,9.8,4.6,138.8,1.884,2.0,0.8,3.0,5.6,11.4,0.0,1.6,3.0,0.0,4.6,20.333000000000002,0.30920000000000003,0.0,219.6,175.0
36.25,48.75,84.986775,2200.25,5.75,4.5,150.0,1.735,1.75,0.0,4.0,3.5,9.25,0.25,0.0,6.0,0.0,6.25,14.695,0.0,1.126666666665e-05,210.5,190.0
63.22222222222222,64.44444444444444,154.64215555555555,2229.4577777777777,9.444444444444445,5.555555555555555,156.22222222222223,1.7444444444444445,2.0,1.3333333333333333,6.111111111111111,7.777777777777778,17.22222222222222,0.0,1.3333333333333333,3.888888888888889,0.0,5.222222222222222,24.093333333333334,0.0,0.0,201.0,107.0
74.66666666666667,53.0,185.82933333333335,2190.0,7.0,6.0,156.33333333333334,1.8866666666666667,2.0,0.0,4.666666666666667,14.0,20.666666666666668,0.0,0.0,2.0,0.0,2.0,20.846666666666668,0.0,0.0,225.0,166.0
49.0,35.5,118.806456,2243.85,6.0,5.0,155.0,1.7999999999999998,1.75,0.0,4.25,7.0,13.0,0.25,0.0,5.75,0.0,6.0,18.395,0.0,3.175e-06,201.75,155.0
35.25,56.75,79.83784499999999,2221.75,5.75,4.5,149.25,1.8275000000000001,1.25,0.0,4.5,0.0,5.75,0.75,0.0,3.0,0.0,3.75,17.0225,0.0,0.0,202.75,228.0
22.0,60.333333333333336,49.210249999999995,2211.5,10.5,3.3333333333333335,115.5,1.9316666666666666,2.0,0.6666666666666666,2.6666666666666665,0.6666666666666666,6.0,0.0,2.3333333333333335,0.6666666666666666,1.6666666666666667,4.666666666666667,12.5725,1.2573333333333334,0.19846490000000003,195.0,178.0
63.333333333333336,50.666666666666664,154.46666666666667,2280.016666666667,6.0,5.666666666666667,163.0,1.6000000000000003,1.3333333333333333,0.0,4.666666666666667,9.333333333333334,15.333333333333334,0.0,0.0,5.333333333333333,0.0,5.333333333333333,19.603333333333335,0.0,0.0,204.33333333333334,137.0
16.666666666666668,62.666666666666664,37.61533333333333,2274.6666666666665,10.0,3.0,114.33333333333333,1.8033333333333335,2.0,0.6666666666666666,0.6666666666666666,0.0,3.3333333333333335,0.0,3.3333333333333335,2.6666666666666665,0.0,6.0,12.513333333333334,1.016,0.0,175.33333333333334,238.0
36.333333333333336,41.0,82.365304,2342.6666666666665,6.333333333333333,4.666666666666667,154.0,1.9200000000000002,1.3333333333333333,0.0,5.0,0.0,6.333333333333333,0.6666666666666666,0.0,5.0,0.0,5.666666666666667,16.418333333333333,0.0,2.1166666666666666e-06,194.0,190.0
74.0,50.5,183.5919,2337.5,6.0,6.0,164.0,1.735,2.0,0.0,4.0,14.0,20.0,0.0,0.0,6.0,0.0,6.0,21.5375,0.0,0.00112355,209.5,139.0
65.66666666666667,57.666666666666664,161.02479333333335,2277.6,8.333333333333334,5.666666666666667,145.33333333333334,2.0533333333333332,1.0,0.0,7.333333333333333,9.333333333333334,17.666666666666668,1.0,0.0,2.6666666666666665,0.0,3.6666666666666665,16.073333333333334,0.0,0.0,226.33333333333334,244.0
36.5,49.5,85.21854875,2277.25,6.0,4.5,149.25,1.7149999999999999,2.0,0.0,4.0,3.5,9.5,0.0,0.0,6.0,0.0,6.0,14.57,0.0,0.3871290666666667,194.0,196.0
46.75,57.5,113.82713464999999,2371.6175000000003,8.25,4.75,142.25,1.8875000000000002,2.0,0.25,3.5,7.0,12.75,0.0,1.25,4.0,0.0,5.25,15.3375,0.0,5.633333333325e-06,201.75,244.0
29.666666666666668,48.333333333333336,65.63286,2370.0,5.666666666666667,4.333333333333333,147.33333333333334,1.64,1.0,0.0,4.666666666666667,0.0,5.666666666666667,1.0,0.0,5.333333333333333,0.0,6.333333333333333,13.520000000000001,0.0,0.0,229.0,228.0
44.0,61.666666666666664,103.97962666666666,2404.6666666666665,9.333333333333334,4.666666666666667,141.0,1.8933333333333333,1.6666666666666667,0.6666666666666666,3.6666666666666665,4.666666666666667,10.666666666666666,0.3333333333333333,1.3333333333333333,3.0,0.0,4.666666666666667,17.400000000000002,0.25766666666666665,0.0,227.0,235.0
49.6,61.0,120.77799999999999,2351.2,9.4,4.8,139.8,1.8880000000000003,2.0,0.8,2.4,8.0,13.2,0.0,1.6,1.6,0.4,3.6,19.929000000000002,0.30920000000000003,0.0,207.2,170.0
53.0,51.0,125.70226666666667,2383.3333333333335,6.333333333333333,5.333333333333333,159.66666666666666,1.89,1.3333333333333333,0.0,5.0,4.666666666666667,11.0,0.6666666666666666,0.0,5.0,0.0,5.666666666666667,18.628333333333334,0.0,0.0007490333333333333,194.0,186.0
61.25,64.5,151.18412500000002,2476.0,10.25,5.25,133.5,2.125,2.0,0.5,5.25,10.5,18.25,0.0,1.0,2.25,0.0,3.25,15.767500000000002,0.19325,0.0,225.5,299.0
37.5,42.5,85.000573,2444.5,6.0,4.75,156.5,1.84,1.25,0.0,4.75,0.0,6.0,0.75,0.0,5.25,0.0,6.0,16.85875,0.0,1.5875e-06,202.75,195.0
41.75,49.25,95.032595,2434.5,5.75,5.0,158.25,1.6825,1.75,0.0,4.0,0.0,5.75,0.25,0.0,6.0,0.0,6.25,17.48625,0.0,0.0,202.75,246.0
38.666666666666664,54.666666666666664,92.81167666666666,2423.3333333333335,8.833333333333334,4.333333333333333,135.33333333333334,1.9966666666666668,1.5,0.3333333333333333,3.8333333333333335,0.0,5.666666666666667,0.5,1.6666666666666667,2.8333333333333335,0.0,5.0,14.540833333333333,0.508,0.0,189.83333333333334,217.0
23.0,68.55555555555556,53.99637953333334,2567.1566666666668,11.444444444444445,3.2222222222222223,113.0,1.9588888888888887,2.0,1.2222222222222223,0.4444444444444444,3.111111111111111,6.777777777777778,0.0,3.4444444444444446,1.7777777777777777,0.0,5.222222222222222,12.933333333333334,1.9982222222222223,0.0,204.33333333333334,197.0
51.5,58.5,125.08697964999999,2573.8675000000003,8.5,5.0,143.25,1.9025,1.75,0.25,4.0,7.0,13.0,0.25,1.25,3.5,0.0,5.0,15.709999999999999,0.0,0.0,210.5,262.0
41.25,56.75,98.0250155,2516.0,5.75,4.5,139.5,1.8675000000000002,1.5,0.0,4.25,3.5,9.25,0.5,0.0,3.25,0.0,3.75,13.2575,0.0,0.0,202.75,221.0
52.25,57.0,123.139125,2601.5,8.25,5.25,147.0,2.3,1.25,0.0,7.0,3.5,11.75,0.75,0.0,3.0,0.0,3.75,14.2425,0.0,0.0,226.0,283.0
41.0,49.75,97.01825,2642.0,6.0,4.75,151.0,1.905,1.75,0.0,4.25,3.5,9.5,0.25,0.0,5.75,0.0,6.0,13.95,0.0,0.0,220.25,241.0
69.0,59.75,169.889125,2613.5,9.0,5.75,141.25,2.22,1.75,0.0,7.25,10.5,19.5,0.25,0.0,2.75,0.0,3.0,14.0675,0.0,0.0,225.0,324.0
48.5,48.5,117.03699999999999,2700.0,5.5,5.0,155.5,1.72,2.0,0.0,3.5,7.0,12.5,0.0,0.0,6.5,0.0,6.5,15.6725,0.0,1.126666666665e-05,194.0,232.0
41.75,49.25,94.947285,2714.25,5.75,5.0,159.5,1.7500000000000002,1.0,0.0,4.75,0.0,5.75,1.0,0.0,5.25,0.0,6.25,17.0125,0.0,0.0,220.25,201.0
10.0,77.5,20.048099999999998,2755.0,14.0,2.5,93.5,2.2249999999999996,2.0,2.0,0.0,0.0,4.0,0.0,4.0,0.0,0.0,4.0,13.040000000000001,2.6345,0.0,210.5,213.0
65.5,49.5,160.5751475,2795.0,6.0,5.75,160.5,1.8125,1.75,0.0,4.0,10.25,16.0,0.25,0.0,3.5,0.25,4.0,19.035,0.0,0.0,202.75,204.0
19.5,56.0,42.96511125,2803.25,10.0,3.25,117.0,2.05,2.0,1.0,2.0,0.0,5.0,0.0,2.0,3.0,0.0,5.0,13.4725,2.248,0.3871178,194.0,167.0
48.5,47.5,121.52328,2834.0,8.5,4.5,138.0,2.025,2.0,1.0,0.5,1.0,4.5,0.0,2.0,4.5,6.0,12.5,15.41,2.248,0.0,166.5,172.0
63.0,40.0,153.77328333333332,2905.6666666666665,5.666666666666667,5.666666666666667,164.0,1.6733333333333331,2.0,0.0,3.6666666666666665,9.333333333333334,15.0,0.0,0.0,6.333333333333333,0.0,6.333333333333333,20.558333333333334,0.0,0.0,194.0,203.0
57.75,49.75,138.96394,2976.5,5.75,5.5,160.25,1.7650000000000001,1.75,0.0,4.0,7.0,12.75,0.25,0.0,6.0,0.0,6.25,16.55375,0.0,0.0,220.25,195.0
