TimeStamp,Elec [Wh/m2]
11/1/17 0:00,138.1733055
11/1/17 0:30,137.1531346
11/1/17 1:00,135.7459123
11/1/17 1:30,135.0885432
11/1/17 2:00,132.4951667
11/1/17 2:30,128.9781133
11/1/17 3:00,122.8112635
11/1/17 3:30,116.6652541
11/1/17 4:00,109.0116208
11/1/17 4:30,103.6348846
11/1/17 5:00,98.85295119
11/1/17 5:30,103.6348846
11/1/17 6:00,109.0116208
11/1/17 6:30,116.6652541
11/1/17 7:00,122.8112635
11/1/17 7:30,128.9781133
11/1/17 8:00,132.4951667
11/1/17 8:30,135.0885432
11/1/17 9:00,135.7459123
11/1/17 9:30,137.1531346
11/1/17 10:00,138.1733055
11/1/17 10:30,138.63757
11/1/17 11:00,138.3064222
11/1/17 11:30,139.3288791
11/1/17 12:00,140.447435
11/1/17 12:30,140.0786294
11/1/17 13:00,140.299839
11/1/17 13:30,139.2928718
11/1/17 14:00,139.9889133
11/1/17 14:30,139.9687583
11/1/17 15:00,139.0206013
11/1/17 15:30,137.9058452
11/1/17 16:00,137.7656256
11/1/17 16:30,137.8828894
11/1/17 17:00,137.7200858
11/1/17 17:30,137.3615862
11/1/17 18:00,137.079447
11/1/17 18:30,136.5018061
11/1/17 19:00,135.3218947
11/1/17 19:30,134.2044488
11/1/17 20:00,133.2676184
11/1/17 20:30,131.6658863
11/1/17 21:00,129.2550867
11/1/17 21:30,125.3464214
11/1/17 22:00,122.0911475
11/1/17 22:30,117.4424324
11/1/17 23:00,113.5347041
11/1/17 23:30,107.6536771
11/2/17 0:00,103.8130187
11/2/17 0:30,100.1649568
11/2/17 1:00,97.12122245
11/2/17 1:30,95.23968533
11/2/17 2:00,93.76193641
11/2/17 2:30,93.13026634
11/2/17 3:00,92.7181126
11/2/17 3:30,92.69376559
11/2/17 4:00,92.48701433
11/2/17 4:30,93.20868775
11/2/17 5:00,95.5943752
11/2/17 5:30,100.156813
11/2/17 6:00,105.1714867
11/2/17 6:30,112.0267731
11/2/17 7:00,117.8208407
11/2/17 7:30,124.622201
11/2/17 8:00,127.9761502
11/2/17 8:30,131.3086892
11/2/17 9:00,133.8741641
11/2/17 9:30,135.2032217
11/2/17 10:00,136.202982
11/2/17 10:30,137.0151153
11/2/17 11:00,136.4952727
11/2/17 11:30,137.4126546
11/2/17 12:00,136.8834114
11/2/17 12:30,136.4328948
11/2/17 13:00,136.6545615
11/2/17 13:30,137.6196367
11/2/17 14:00,137.1984989
11/2/17 14:30,137.0546341
11/2/17 15:00,136.099132
11/2/17 15:30,134.6156718
11/2/17 16:00,134.2154321
11/2/17 16:30,132.6166404
11/2/17 17:00,132.7040335
11/2/17 17:30,131.7542094
11/2/17 18:00,131.5530242
11/2/17 18:30,130.8523565
11/2/17 19:00,129.9752045
11/2/17 19:30,128.9787833
11/2/17 20:00,127.4420546
11/2/17 20:30,126.3333706
11/2/17 21:00,124.6333537
11/2/17 21:30,120.7567518
11/2/17 22:00,117.9410765
11/2/17 22:30,113.5394723
11/2/17 23:00,109.8763033
11/2/17 23:30,105.2747938
11/3/17 0:00,102.0461754
11/3/17 0:30,98.70852524
11/3/17 1:00,96.38175281
11/3/17 1:30,94.24427394
11/3/17 2:00,92.84143962
11/3/17 2:30,92.55291761
11/3/17 3:00,91.6308215
11/3/17 3:30,92.03117841
11/3/17 4:00,92.61971889
11/3/17 4:30,93.28458665
11/3/17 5:00,96.02069787
11/3/17 5:30,101.0410325
11/3/17 6:00,105.4502124
11/3/17 6:30,111.8050084
11/3/17 7:00,117.429585
11/3/17 7:30,124.6186568
11/3/17 8:00,128.6869767
11/3/17 8:30,132.4767268
11/3/17 9:00,134.2061825
11/3/17 9:30,136.122836
11/3/17 10:00,137.5321478
11/3/17 10:30,138.7197639
11/3/17 11:00,138.5723335
11/3/17 11:30,139.6654682
11/3/17 12:00,139.0847171
11/3/17 12:30,138.3271948
11/3/17 13:00,137.3654251
11/3/17 13:30,136.0353218
11/3/17 14:00,135.5016332
11/3/17 14:30,134.4905306
11/3/17 15:00,133.9363691
11/3/17 15:30,133.4945457
11/3/17 16:00,132.1632468
11/3/17 16:30,131.0961935
11/3/17 17:00,129.6752728
11/3/17 17:30,129.4171978
11/3/17 18:00,130.9522404
11/3/17 18:30,130.4901588
11/3/17 19:00,128.3302955
11/3/17 19:30,126.4840491
11/3/17 20:00,125.1310655
11/3/17 20:30,123.7849444
11/3/17 21:00,122.804134
11/3/17 21:30,119.4405165
11/3/17 22:00,115.4407456
11/3/17 22:30,112.2427124
11/3/17 23:00,109.4059698
11/3/17 23:30,106.0936455
11/4/17 0:00,103.6818836
11/4/17 0:30,100.6775426
11/4/17 1:00,98.1275689
11/4/17 1:30,96.03987315
11/4/17 2:00,94.49798081
11/4/17 2:30,93.51503292
11/4/17 3:00,92.86276235
11/4/17 3:30,91.98038238
11/4/17 4:00,91.9962674
11/4/17 4:30,91.97619477
11/4/17 5:00,92.82770167
11/4/17 5:30,95.23120663
11/4/17 6:00,97.08472595
11/4/17 6:30,100.1310777
11/4/17 7:00,102.534001
11/4/17 7:30,106.1903856
11/4/17 8:00,109.1907839
11/4/17 8:30,113.1751942
11/4/17 9:00,115.697875
11/4/17 9:30,119.6501431
11/4/17 10:00,121.7872041
11/4/17 10:30,123.9738411
11/4/17 11:00,123.1522484
11/4/17 11:30,123.3096073
11/4/17 12:00,123.6444672
11/4/17 12:30,122.5079862
11/4/17 13:00,122.3100388
11/4/17 13:30,121.9313714
11/4/17 14:00,121.2825373
11/4/17 14:30,120.9038409
11/4/17 15:00,119.6942534
11/4/17 15:30,119.2265848
11/4/17 16:00,118.9951143
11/4/17 16:30,118.5468631
11/4/17 17:00,119.4699233
11/4/17 17:30,118.9860416
11/4/17 18:00,120.4010033
11/4/17 18:30,119.4102786
11/4/17 19:00,118.1814838
11/4/17 19:30,116.9150469
11/4/17 20:00,116.0988533
11/4/17 20:30,115.3372879
11/4/17 21:00,114.1952577
11/4/17 21:30,112.6244988
11/4/17 22:00,110.6392313
11/4/17 22:30,107.8128692
11/4/17 23:00,105.8480019
11/4/17 23:30,102.3422081
11/5/17 0:00,100.4444224
11/5/17 0:30,97.54685429
11/5/17 1:00,95.15233947
11/5/17 1:30,92.86743695
11/5/17 2:00,92.00451831
11/5/17 2:30,90.3427189
11/5/17 3:00,89.25319273
11/5/17 3:30,88.9279613
11/5/17 4:00,88.33874059
11/5/17 4:30,87.98927001
11/5/17 5:00,87.59146086
11/5/17 5:30,87.76262487
11/5/17 6:00,91.15312558
11/5/17 6:30,89.65227892
11/5/17 7:00,91.15312558
11/5/17 7:30,93.68601939
11/5/17 8:00,95.984811
11/5/17 8:30,99.93518492
11/5/17 9:00,101.4779788
11/5/17 9:30,102.9558939
11/5/17 10:00,104.8854875
11/5/17 10:30,108.8643921
11/5/17 11:00,111.0945505
11/5/17 11:30,112.2606717
11/5/17 12:00,112.3720668
11/5/17 12:30,112.7198061
11/5/17 13:00,113.8431326
11/5/17 13:30,114.5852547
11/5/17 14:00,114.3950226
11/5/17 14:30,113.8357378
11/5/17 15:00,114.1055202
11/5/17 15:30,113.9162326
11/5/17 16:00,113.7594077
11/5/17 16:30,115.8482689
11/5/17 17:00,116.8775794
11/5/17 17:30,115.9087108
11/5/17 18:00,117.2042864
11/5/17 18:30,117.9853885
11/5/17 19:00,117.8522997
11/5/17 19:30,116.9816479
11/5/17 20:00,116.4169207
11/5/17 20:30,115.3135178
11/5/17 21:00,113.5588749
11/5/17 21:30,112.7368672
11/5/17 22:00,111.3237508
11/5/17 22:30,109.2640517
11/5/17 23:00,107.2000611
11/5/17 23:30,103.9387084
11/6/17 0:00,100.405525
11/6/17 0:30,92.75818697
11/6/17 1:00,91.29088426
11/6/17 1:30,90.61711286
11/6/17 2:00,90.02073526
11/6/17 2:30,90.12016028
11/6/17 3:00,89.69456811
11/6/17 3:30,90.99617268
11/6/17 4:00,91.72658205
11/6/17 4:30,94.0533765
11/6/17 5:00,97.58662469
11/6/17 5:30,101.21961
11/6/17 6:00,106.5463236
11/6/17 6:30,113.7307944
11/6/17 7:00,119.3952963
11/6/17 7:30,125.6741318
11/6/17 8:00,128.2587587
11/6/17 8:30,130.6936342
11/6/17 9:00,132.1939691
11/6/17 9:30,133.4486654
11/6/17 10:00,134.5198133
11/6/17 10:30,134.5750717
11/6/17 11:00,136.3469823
11/6/17 11:30,136.158772
11/6/17 12:00,136.7271106
11/6/17 12:30,137.3392268
11/6/17 13:00,136.0960075
11/6/17 13:30,136.7985652
11/6/17 14:00,136.6177116
11/6/17 14:30,136.1934353
11/6/17 15:00,134.8484719
11/6/17 15:30,134.8104552
11/6/17 16:00,135.3548925
11/6/17 16:30,135.5406906
11/6/17 17:00,137.2197023
11/6/17 17:30,137.7799579
11/6/17 18:00,137.695684
11/6/17 18:30,135.2890172
11/6/17 19:00,134.604001
11/6/17 19:30,132.6653564
11/6/17 20:00,131.536388
11/6/17 20:30,129.4801253
11/6/17 21:00,127.6343645
11/6/17 21:30,123.4710272
11/6/17 22:00,119.8013427
11/6/17 22:30,114.9218657
11/6/17 23:00,110.8442048
11/6/17 23:30,105.2228112
11/7/17 0:00,102.2569645
11/7/17 0:30,99.51606178
11/7/17 1:00,97.29261648
11/7/17 1:30,95.67458434
11/7/17 2:00,95.00768832
11/7/17 2:30,94.39904474
11/7/17 3:00,93.63861283
11/7/17 3:30,94.00524538
11/7/17 4:00,94.1923312
11/7/17 4:30,95.08596666
11/7/17 5:00,97.23662112
11/7/17 5:30,103.7973057
11/7/17 6:00,109.4030266
11/7/17 6:30,116.4997224
11/7/17 7:00,121.9259261
11/7/17 7:30,126.6908285
11/7/17 8:00,129.5140606
11/7/17 8:30,133.1457828
11/7/17 9:00,133.5803006
11/7/17 9:30,133.6076105
11/7/17 10:00,134.1439508
11/7/17 10:30,135.8846518
11/7/17 11:00,136.3680129
11/7/17 11:30,136.6610401
11/7/17 12:00,137.5608255
11/7/17 12:30,138.9065001
11/7/17 13:00,139.202771
11/7/17 13:30,139.5862651
11/7/17 14:00,139.1367839
11/7/17 14:30,137.830882
11/7/17 15:00,137.6636062
11/7/17 15:30,137.293292
11/7/17 16:00,136.5937036
11/7/17 16:30,136.623164
11/7/17 17:00,137.8102479
11/7/17 17:30,138.7346503
11/7/17 18:00,138.9323828
11/7/17 18:30,137.0526986
11/7/17 19:00,135.262329
11/7/17 19:30,133.9691343
11/7/17 20:00,132.9729963
11/7/17 20:30,131.4637248
11/7/17 21:00,128.4291528
11/7/17 21:30,125.3487424
11/7/17 22:00,120.9864174
11/7/17 22:30,117.4025995
11/7/17 23:00,113.4837541
11/7/17 23:30,109.1022869
11/8/17 0:00,105.1622446
11/8/17 0:30,102.188027
11/8/17 1:00,100.0402948
11/8/17 1:30,98.82208722
11/8/17 2:00,97.39394518
11/8/17 2:30,97.08242735
11/8/17 3:00,97.27585176
11/8/17 3:30,97.30425175
11/8/17 4:00,98.06526403
11/8/17 4:30,99.45547748
11/8/17 5:00,102.1306453
11/8/17 5:30,109.1927732
11/8/17 6:00,114.0172896
11/8/17 6:30,120.9055276
11/8/17 7:00,126.4518707
11/8/17 7:30,131.597236
11/8/17 8:00,133.02531
11/8/17 8:30,134.4728391
11/8/17 9:00,136.1844279
11/8/17 9:30,136.1623035
11/8/17 10:00,136.8430198
11/8/17 10:30,137.7151943
11/8/17 11:00,137.898208
11/8/17 11:30,138.6073613
11/8/17 12:00,138.522384
11/8/17 12:30,138.2570783
11/8/17 13:00,137.5675703
11/8/17 13:30,137.2782518
11/8/17 14:00,136.2991029
11/8/17 14:30,135.6298695
11/8/17 15:00,135.0810603
11/8/17 15:30,133.3118061
11/8/17 16:00,133.4812279
11/8/17 16:30,133.6778538
11/8/17 17:00,135.1580348
11/8/17 17:30,135.6344849
11/8/17 18:00,135.1459928
11/8/17 18:30,133.5800103
11/8/17 19:00,132.9163108
11/8/17 19:30,130.977165
11/8/17 20:00,130.3382137
11/8/17 20:30,129.0146262
11/8/17 21:00,127.3521583
11/8/17 21:30,123.9433435
11/8/17 22:00,120.5037378
11/8/17 22:30,116.2347053
11/8/17 23:00,112.3506331
11/8/17 23:30,106.6998473
11/9/17 0:00,104.029884
11/9/17 0:30,100.8153936
11/9/17 1:00,98.35500362
11/9/17 1:30,97.19317725
11/9/17 2:00,95.9372139
11/9/17 2:30,95.22137405
11/9/17 3:00,95.17918157
11/9/17 3:30,95.93140671
11/9/17 4:00,96.53762144
11/9/17 4:30,97.36566949
11/9/17 5:00,99.16087608
11/9/17 5:30,105.6460557
11/9/17 6:00,109.4743197
11/9/17 6:30,116.8293781
11/9/17 7:00,122.7736385
11/9/17 7:30,128.7083955
11/9/17 8:00,132.1645437
11/9/17 8:30,135.503542
11/9/17 9:00,136.5099194
11/9/17 9:30,135.3985178
11/9/17 10:00,135.9642953
11/9/17 10:30,136.2040788
11/9/17 11:00,137.6248655
11/9/17 11:30,138.0089038
11/9/17 12:00,138.4122467
11/9/17 12:30,136.8112947
11/9/17 13:00,137.4423135
11/9/17 13:30,138.2830504
11/9/17 14:00,137.8168282
11/9/17 14:30,137.7702531
11/9/17 15:00,137.1138357
11/9/17 15:30,137.0246432
11/9/17 16:00,136.2863024
11/9/17 16:30,136.8635138
11/9/17 17:00,139.0504673
11/9/17 17:30,140.5790495
11/9/17 18:00,140.8467698
11/9/17 18:30,139.2411676
11/9/17 19:00,138.7515197
11/9/17 19:30,138.035598
11/9/17 20:00,137.420992
11/9/17 20:30,136.7066708
11/9/17 21:00,135.6412751
11/9/17 21:30,132.1695664
11/9/17 22:00,129.5771115
11/9/17 22:30,126.7943761
11/9/17 23:00,123.0822755
11/9/17 23:30,121.687375
11/10/17 0:00,121.540016
11/10/17 0:30,112.7682992
11/10/17 1:00,110.6716447
11/10/17 1:30,109.1441874
11/10/17 2:00,107.2130715
11/10/17 2:30,106.8161711
11/10/17 3:00,106.8016271
11/10/17 3:30,106.9458324
11/10/17 4:00,107.7117498
11/10/17 4:30,109.3569542
11/10/17 5:00,111.3631018
11/10/17 5:30,117.7718721
11/10/17 6:00,123.2880047
11/10/17 6:30,129.6602799
11/10/17 7:00,136.2751682
11/10/17 7:30,142.1246997
11/10/17 8:00,146.2753923
11/10/17 8:30,149.4018167
11/10/17 9:00,151.2517572
11/10/17 9:30,153.1143105
11/10/17 10:00,153.290466
11/10/17 10:30,153.4995115
11/10/17 11:00,154.2399131
11/10/17 11:30,154.2828305
11/10/17 12:00,155.2906962
11/10/17 12:30,154.4890981
11/10/17 13:00,154.1329615
11/10/17 13:30,153.7975565
11/10/17 14:00,154.0875619
11/10/17 14:30,153.1707638
11/10/17 15:00,152.7957842
11/10/17 15:30,152.556485
11/10/17 16:00,152.026207
11/10/17 16:30,151.0288321
11/10/17 17:00,150.7823069
11/10/17 17:30,150.7116346
11/10/17 18:00,149.638098
11/10/17 18:30,147.5473846
11/10/17 19:00,146.0881788
11/10/17 19:30,143.6273703
11/10/17 20:00,141.9913755
11/10/17 20:30,140.6571626
11/10/17 21:00,139.3854012
11/10/17 21:30,136.8411546
11/10/17 22:00,133.9777216
11/10/17 22:30,131.0750375
11/10/17 23:00,128.1304221
11/10/17 23:30,124.3320796
11/11/17 0:00,121.5212675
11/11/17 0:30,118.9513882
11/11/17 1:00,115.6671925
11/11/17 1:30,114.2852474
11/11/17 2:00,112.4952522
11/11/17 2:30,111.5607721
11/11/17 3:00,111.0848164
11/11/17 3:30,110.3565686
11/11/17 4:00,109.9943635
11/11/17 4:30,110.0602574
11/11/17 5:00,110.1264302
11/11/17 5:30,112.2868777
11/11/17 6:00,114.5221228
11/11/17 6:30,118.7918815
11/11/17 7:00,121.0356398
11/11/17 7:30,124.1519522
11/11/17 8:00,127.0365065
11/11/17 8:30,131.6128767
11/11/17 9:00,133.9521963
11/11/17 9:30,136.3342824
11/11/17 10:00,137.5805017
11/11/17 10:30,138.9378393
11/11/17 11:00,138.5967028
11/11/17 11:30,138.8080679
11/11/17 12:00,138.6888639
11/11/17 12:30,137.675261
11/11/17 13:00,136.7599187
11/11/17 13:30,135.9632457
11/11/17 14:00,135.5356787
11/11/17 14:30,134.1561847
11/11/17 15:00,132.9354251
11/11/17 15:30,132.1655187
11/11/17 16:00,133.4590854
11/11/17 16:30,133.8818986
11/11/17 17:00,135.2048918
11/11/17 17:30,135.5316883
11/11/17 18:00,135.4722348
11/11/17 18:30,134.0302384
11/11/17 19:00,133.215079
11/11/17 19:30,131.8164503
11/11/17 20:00,130.2103
11/11/17 20:30,129.0590944
11/11/17 21:00,127.2542623
11/11/17 21:30,125.3288806
11/11/17 22:00,122.7852247
11/11/17 22:30,120.8486239
11/11/17 23:00,118.4360991
11/11/17 23:30,115.5708331
11/12/17 0:00,113.3716593
11/12/17 0:30,110.1966726
11/12/17 1:00,108.0263984
11/12/17 1:30,106.1792018
11/12/17 2:00,105.1311873
11/12/17 2:30,103.5903327
11/12/17 3:00,102.8784271
11/12/17 3:30,102.0592706
11/12/17 4:00,101.6665423
11/12/17 4:30,102.0692336
11/12/17 5:00,102.3902303
11/12/17 5:30,103.6771182
11/12/17 6:00,105.0691388
11/12/17 6:30,107.4534771
11/12/17 7:00,108.2866572
11/12/17 7:30,110.5494919
11/12/17 8:00,112.4330521
11/12/17 8:30,117.4106015
11/12/17 9:00,118.9776031
11/12/17 9:30,120.8360873
11/12/17 10:00,122.8663728
11/12/17 10:30,124.6523229
11/12/17 11:00,126.0903115
11/12/17 11:30,126.2108254
11/12/17 12:00,126.7884662
11/12/17 12:30,127.3959029
11/12/17 13:00,127.4313943
11/12/17 13:30,126.8406336
11/12/17 14:00,126.7780051
11/12/17 14:30,126.6071388
11/12/17 15:00,126.4068765
11/12/17 15:30,126.5953157
11/12/17 16:00,126.4925509
11/12/17 16:30,127.3004627
11/12/17 17:00,129.004837
11/12/17 17:30,129.6718912
11/12/17 18:00,130.1389724
11/12/17 18:30,129.3536397
11/12/17 19:00,128.5679752
11/12/17 19:30,127.6169747
11/12/17 20:00,127.023232
11/12/17 20:30,125.0572362
11/12/17 21:00,123.7608059
11/12/17 21:30,122.2465582
11/12/17 22:00,118.8844158
11/12/17 22:30,115.9669795
11/12/17 23:00,112.7791836
11/12/17 23:30,108.8042521
11/13/17 0:00,106.4956907
11/13/17 0:30,104.0378774
11/13/17 1:00,101.5897689
11/13/17 1:30,100.7503601
11/13/17 2:00,100.0911427
11/13/17 2:30,100.2914655
11/13/17 3:00,99.9000673
11/13/17 3:30,100.355789
11/13/17 4:00,101.3620805
11/13/17 4:30,104.4173332
11/13/17 5:00,107.3688167
11/13/17 5:30,111.8270699
11/13/17 6:00,117.0546939
11/13/17 6:30,124.4393529
11/13/17 7:00,130.6591868
11/13/17 7:30,135.8400886
11/13/17 8:00,138.2591309
11/13/17 8:30,140.2801838
11/13/17 9:00,140.9137518
11/13/17 9:30,141.0996628
11/13/17 10:00,141.7455411
11/13/17 10:30,141.3714699
11/13/17 11:00,142.4480991
11/13/17 11:30,142.8257052
11/13/17 12:00,142.2114119
11/13/17 12:30,142.5829647
11/13/17 13:00,143.5063296
11/13/17 13:30,144.5668981
11/13/17 14:00,144.705466
11/13/17 14:30,144.0469871
11/13/17 15:00,143.1181358
11/13/17 15:30,142.8385117
11/13/17 16:00,142.3901214
11/13/17 16:30,143.3733914
11/13/17 17:00,144.3986586
11/13/17 17:30,144.2813614
11/13/17 18:00,144.1966822
11/13/17 18:30,142.5532574
11/13/17 19:00,140.974795
11/13/17 19:30,139.8523522
11/13/17 20:00,138.181649
11/13/17 20:30,136.2514215
11/13/17 21:00,133.6257116
11/13/17 21:30,129.2426101
11/13/17 22:00,125.9746922
11/13/17 22:30,121.1145706
11/13/17 23:00,116.5945901
11/13/17 23:30,112.2877144
11/14/17 0:00,109.230591
11/14/17 0:30,106.7452743
11/14/17 1:00,104.573362
11/14/17 1:30,103.0523993
11/14/17 2:00,101.7737982
11/14/17 2:30,101.0259934
11/14/17 3:00,101.2609367
11/14/17 3:30,101.2423347
11/14/17 4:00,101.6207638
11/14/17 4:30,102.5324326
11/14/17 5:00,105.200411
11/14/17 5:30,111.4495451
11/14/17 6:00,115.9597513
11/14/17 6:30,123.431466
11/14/17 7:00,128.9858017
11/14/17 7:30,134.351233
11/14/17 8:00,136.71581
11/14/17 8:30,139.3860463
11/14/17 9:00,139.7987847
11/14/17 9:30,140.0902606
11/14/17 10:00,140.0794882
11/14/17 10:30,139.8525141
11/14/17 11:00,140.5839261
11/14/17 11:30,139.7566399
11/14/17 12:00,140.4050519
11/14/17 12:30,140.9988877
11/14/17 13:00,141.6692112
11/14/17 13:30,141.5897881
11/14/17 14:00,141.6213589
11/14/17 14:30,141.5037812
11/14/17 15:00,140.3719793
11/14/17 15:30,139.4760365
11/14/17 16:00,139.8218319
11/14/17 16:30,140.1677203
11/14/17 17:00,140.985249
11/14/17 17:30,140.2208364
11/14/17 18:00,140.134366
11/14/17 18:30,137.9014819
11/14/17 19:00,135.7640548
11/14/17 19:30,134.4454353
11/14/17 20:00,133.5124441
11/14/17 20:30,131.8716639
11/14/17 21:00,129.4225947
11/14/17 21:30,125.1431687
11/14/17 22:00,121.4827334
11/14/17 22:30,116.3611308
11/14/17 23:00,112.9701502
11/14/17 23:30,110.0970338
11/15/17 0:00,106.1353569
11/15/17 0:30,102.2095193
11/15/17 1:00,99.96641261
11/15/17 1:30,97.95088877
11/15/17 2:00,96.54171084
11/15/17 2:30,95.91064697
11/15/17 3:00,95.6972931
11/15/17 3:30,95.17819457
11/15/17 4:00,95.71007432
11/15/17 4:30,97.27164873
11/15/17 5:00,98.95483554
11/15/17 5:30,105.3916713
11/15/17 6:00,109.8929048
11/15/17 6:30,117.0980504
11/15/17 7:00,122.7329147
11/15/17 7:30,128.5571592
11/15/17 8:00,132.7651964
11/15/17 8:30,136.0597948
11/15/17 9:00,138.1991755
11/15/17 9:30,139.2455589
11/15/17 10:00,140.6260348
11/15/17 10:30,140.2756215
11/15/17 11:00,140.7370111
11/15/17 11:30,141.6017774
11/15/17 12:00,140.670116
11/15/17 12:30,141.1437003
11/15/17 13:00,140.5057469
11/15/17 13:30,140.0765812
11/15/17 14:00,138.7482681
11/15/17 14:30,138.8783333
11/15/17 15:00,138.5550955
11/15/17 15:30,137.8250023
11/15/17 16:00,137.0179695
11/15/17 16:30,137.4681049
11/15/17 17:00,138.9229075
11/15/17 17:30,138.1384264
11/15/17 18:00,138.4235197
11/15/17 18:30,136.2583576
11/15/17 19:00,134.5479499
11/15/17 19:30,133.36594
11/15/17 20:00,133.1292615
11/15/17 20:30,132.8774352
11/15/17 21:00,131.0026237
11/15/17 21:30,127.2896213
11/15/17 22:00,124.4436722
11/15/17 22:30,120.9302421
11/15/17 23:00,117.6968761
11/15/17 23:30,113.9763983
11/16/17 0:00,110.697962
11/16/17 0:30,107.4535923
11/16/17 1:00,104.5593935
11/16/17 1:30,103.0899144
11/16/17 2:00,102.01885
11/16/17 2:30,101.2419383
11/16/17 3:00,101.0445415
11/16/17 3:30,101.7433862
11/16/17 4:00,101.6501832
11/16/17 4:30,103.0419274
11/16/17 5:00,105.1390084
11/16/17 5:30,110.5176259
11/16/17 6:00,116.2443335
11/16/17 6:30,123.7127533
11/16/17 7:00,129.8328975
11/16/17 7:30,135.9494427
11/16/17 8:00,140.4281721
11/16/17 8:30,143.1535135
11/16/17 9:00,144.4198423
11/16/17 9:30,145.420001
11/16/17 10:00,147.1948074
11/16/17 10:30,147.3295329
11/16/17 11:00,147.5909317
11/16/17 11:30,147.3638995
11/16/17 12:00,148.1142256
11/16/17 12:30,147.1046145
11/16/17 13:00,146.820858
11/16/17 13:30,146.5197078
11/16/17 14:00,146.3197052
11/16/17 14:30,147.169652
11/16/17 15:00,145.8911345
11/16/17 15:30,145.6479285
11/16/17 16:00,145.7104998
11/16/17 16:30,146.4453848
11/16/17 17:00,146.199456
11/16/17 17:30,145.614285
11/16/17 18:00,145.0472325
11/16/17 18:30,143.0707843
11/16/17 19:00,142.3204823
11/16/17 19:30,140.4434265
11/16/17 20:00,138.6399319
11/16/17 20:30,136.9964578
11/16/17 21:00,134.9234299
11/16/17 21:30,130.5570117
11/16/17 22:00,127.3794608
11/16/17 22:30,123.6202455
11/16/17 23:00,119.007608
11/16/17 23:30,114.674408
11/17/17 0:00,111.2712322
11/17/17 0:30,108.1118475
11/17/17 1:00,105.2736406
11/17/17 1:30,103.6422842
11/17/17 2:00,102.3142613
11/17/17 2:30,101.8248313
11/17/17 3:00,101.674565
11/17/17 3:30,101.7258925
11/17/17 4:00,102.1077033
11/17/17 4:30,103.1377486
11/17/17 5:00,105.6876388
11/17/17 5:30,111.2124692
11/17/17 6:00,116.3257334
11/17/17 6:30,123.4414916
11/17/17 7:00,128.942201
11/17/17 7:30,135.1372167
11/17/17 8:00,137.978975
11/17/17 8:30,141.3171641
11/17/17 9:00,142.1840511
11/17/17 9:30,142.4764702
11/17/17 10:00,144.1113267
11/17/17 10:30,144.7863328
11/17/17 11:00,146.2327497
11/17/17 11:30,145.4218967
11/17/17 12:00,144.8183313
11/17/17 12:30,145.0396959
11/17/17 13:00,144.5446726
11/17/17 13:30,144.3697969
11/17/17 14:00,144.7830162
11/17/17 14:30,144.6533777
11/17/17 15:00,144.7428219
11/17/17 15:30,144.1381427
11/17/17 16:00,144.7675628
11/17/17 16:30,145.3490764
11/17/17 17:00,144.1829841
11/17/17 17:30,143.1844879
11/17/17 18:00,142.0999414
11/17/17 18:30,140.3548524
11/17/17 19:00,138.5196342
11/17/17 19:30,135.8835891
11/17/17 20:00,133.9582377
11/17/17 20:30,132.5634044
11/17/17 21:00,129.8726586
11/17/17 21:30,126.2011034
11/17/17 22:00,123.0612942
11/17/17 22:30,119.261425
11/17/17 23:00,115.6500019
11/17/17 23:30,112.2038416
11/18/17 0:00,109.7109262
11/18/17 0:30,105.6323879
11/18/17 1:00,102.8697152
11/18/17 1:30,100.3543399
11/18/17 2:00,98.58528201
11/18/17 2:30,97.35335166
11/18/17 3:00,96.90868315
11/18/17 3:30,95.88850056
11/18/17 4:00,95.57036413
11/18/17 4:30,96.10072343
11/18/17 5:00,96.6885689
11/18/17 5:30,99.11726043
11/18/17 6:00,101.0979418
11/18/17 6:30,104.8797409
11/18/17 7:00,106.9145751
11/18/17 7:30,111.3699904
11/18/17 8:00,114.4952532
11/18/17 8:30,119.3736499
11/18/17 9:00,122.4124422
11/18/17 9:30,125.7036328
11/18/17 10:00,128.8679148
11/18/17 10:30,130.6122908
11/18/17 11:00,132.1465963
11/18/17 11:30,133.3201685
11/18/17 12:00,133.6091855
11/18/17 12:30,132.1099423
11/18/17 13:00,133.3496259
11/18/17 13:30,133.7416648
11/18/17 14:00,133.4098178
11/18/17 14:30,132.2660939
11/18/17 15:00,130.487013
11/18/17 15:30,129.8065799
11/18/17 16:00,129.9928364
11/18/17 16:30,130.7474211
11/18/17 17:00,131.0363975
11/18/17 17:30,131.442043
11/18/17 18:00,131.3609652
11/18/17 18:30,129.2253479
11/18/17 19:00,129.0755204
11/18/17 19:30,127.5044816
11/18/17 20:00,127.0905173
11/18/17 20:30,126.0534385
11/18/17 21:00,124.83648
11/18/17 21:30,123.0762421
11/18/17 22:00,120.8430401
11/18/17 22:30,118.670877
11/18/17 23:00,115.7292778
11/18/17 23:30,113.7405245
11/19/17 0:00,111.4044352
11/19/17 0:30,108.6538533
11/19/17 1:00,106.0923061
11/19/17 1:30,104.6726052
11/19/17 2:00,103.7377756
11/19/17 2:30,103.0544539
11/19/17 3:00,103.2732796
11/19/17 3:30,102.7560471
11/19/17 4:00,102.388464
11/19/17 4:30,102.6636433
11/19/17 5:00,103.1059239
11/19/17 5:30,104.5442956
11/19/17 6:00,105.4635128
11/19/17 6:30,108.7944799
11/19/17 7:00,111.1763987
11/19/17 7:30,113.6713167
11/19/17 8:00,115.0730345
11/19/17 8:30,117.1728057
11/19/17 9:00,118.8395648
11/19/17 9:30,120.4048936
11/19/17 10:00,121.6528972
11/19/17 10:30,122.5981239
11/19/17 11:00,123.5040278
11/19/17 11:30,124.0506133
11/19/17 12:00,125.0659593
11/19/17 12:30,126.2085975
11/19/17 13:00,125.7970446
11/19/17 13:30,124.644264
11/19/17 14:00,123.8796967
11/19/17 14:30,123.4823797
11/19/17 15:00,123.8041784
11/19/17 15:30,124.2958326
11/19/17 16:00,125.5411087
11/19/17 16:30,127.88913
11/19/17 17:00,131.0922562
11/19/17 17:30,132.269141
11/19/17 18:00,133.618089
11/19/17 18:30,132.6178251
11/19/17 19:00,132.4194076
11/19/17 19:30,131.8296084
11/19/17 20:00,131.4320248
11/19/17 20:30,129.8756012
11/19/17 21:00,128.9544014
11/19/17 21:30,126.8158125
11/19/17 22:00,124.5224535
11/19/17 22:30,120.828705
11/19/17 23:00,117.4921982
11/19/17 23:30,114.0753028
11/20/17 0:00,111.2333723
11/20/17 0:30,108.2088907
11/20/17 1:00,106.5287978
11/20/17 1:30,104.9526579
11/20/17 2:00,103.888222
11/20/17 2:30,103.6358648
11/20/17 3:00,103.3638967
11/20/17 3:30,103.5373584
11/20/17 4:00,104.0722085
11/20/17 4:30,106.7006218
11/20/17 5:00,109.9220781
11/20/17 5:30,113.4372453
11/20/17 6:00,119.0423381
11/20/17 6:30,127.3209251
11/20/17 7:00,132.4942253
11/20/17 7:30,137.3149086
11/20/17 8:00,139.9974144
11/20/17 8:30,141.4737637
11/20/17 9:00,142.1762405
11/20/17 9:30,142.1120719
11/20/17 10:00,142.8907154
11/20/17 10:30,142.5028409
11/20/17 11:00,143.4076948
11/20/17 11:30,143.4632873
11/20/17 12:00,142.1120468
11/20/17 12:30,142.1769628
11/20/17 13:00,140.8840332
11/20/17 13:30,140.8711128
11/20/17 14:00,139.6504132
11/20/17 14:30,138.5365306
11/20/17 15:00,142.8662671
11/20/17 15:30,136.912667
11/20/17 16:00,136.3021896
11/20/17 16:30,137.0086999
11/20/17 17:00,139.1323621
11/20/17 17:30,139.5552715
11/20/17 18:00,139.1553861
11/20/17 18:30,137.3973154
11/20/17 19:00,137.1300929
11/20/17 19:30,135.4678101
11/20/17 20:00,134.8575425
11/20/17 20:30,133.2098965
11/20/17 21:00,131.6524839
11/20/17 21:30,128.292833
11/20/17 22:00,124.6745839
11/20/17 22:30,120.5826099
11/20/17 23:00,115.4428392
11/20/17 23:30,111.3839415
11/21/17 0:00,108.2816792
11/21/17 0:30,105.255585
11/21/17 1:00,102.836055
11/21/17 1:30,101.4572763
11/21/17 2:00,100.5736325
11/21/17 2:30,99.88683772
11/21/17 3:00,99.36014864
11/21/17 3:30,99.70681922
11/21/17 4:00,100.0585223
11/21/17 4:30,100.6950653
11/21/17 5:00,102.8885848
11/21/17 5:30,108.098356
11/21/17 6:00,112.337119
11/21/17 6:30,119.7427341
11/21/17 7:00,124.6050637
11/21/17 7:30,128.9356487
11/21/17 8:00,133.1428579
11/21/17 8:30,137.0980694
11/21/17 9:00,139.750208
11/21/17 9:30,141.268859
11/21/17 10:00,142.0001747
11/21/17 10:30,143.4040243
11/21/17 11:00,144.3510464
11/21/17 11:30,144.2142023
11/21/17 12:00,145.0067214
11/21/17 12:30,144.8984119
11/21/17 13:00,145.1320155
11/21/17 13:30,145.1015096
11/21/17 14:00,145.6168758
11/21/17 14:30,144.9811621
11/21/17 15:00,143.9622141
11/21/17 15:30,142.3963479
11/21/17 16:00,142.0459513
11/21/17 16:30,143.6929722
11/21/17 17:00,145.5084465
11/21/17 17:30,145.6672307
11/21/17 18:00,145.4129518
11/21/17 18:30,143.5008629
11/21/17 19:00,141.8697744
11/21/17 19:30,141.970067
11/21/17 20:00,141.6146448
11/21/17 20:30,140.4054213
11/21/17 21:00,137.9282547
11/21/17 21:30,134.5055642
11/21/17 22:00,131.6805893
11/21/17 22:30,127.9427104
11/21/17 23:00,124.1544354
11/21/17 23:30,119.9312601
11/22/17 0:00,116.6528792
11/22/17 0:30,114.1154119
11/22/17 1:00,111.8731628
11/22/17 1:30,110.1165746
11/22/17 2:00,108.6417509
11/22/17 2:30,108.6357689
11/22/17 3:00,108.3041047
11/22/17 3:30,108.5691218
11/22/17 4:00,109.1821244
11/22/17 4:30,110.3153557
11/22/17 5:00,112.1434027
11/22/17 5:30,118.3585439
11/22/17 6:00,122.3346665
11/22/17 6:30,129.8288155
11/22/17 7:00,134.3585776
11/22/17 7:30,139.4625997
11/22/17 8:00,142.1972222
11/22/17 8:30,147.3015219
11/22/17 9:00,147.5045333
11/22/17 9:30,148.372723
11/22/17 10:00,148.1261749
11/22/17 10:30,147.9787494
11/22/17 11:00,147.6548349
11/22/17 11:30,147.7185894
11/22/17 12:00,147.3026248
11/22/17 12:30,146.8361557
11/22/17 13:00,145.5394585
11/22/17 13:30,144.9254671
11/22/17 14:00,143.7682574
11/22/17 14:30,142.0389288
11/22/17 15:00,140.8901648
11/22/17 15:30,139.3180747
11/22/17 16:00,139.333371
11/22/17 16:30,140.1703402
11/22/17 17:00,142.1211161
11/22/17 17:30,142.3003476
11/22/17 18:00,142.1965372
11/22/17 18:30,139.6855227
11/22/17 19:00,138.1506862
11/22/17 19:30,136.0635373
11/22/17 20:00,135.0486765
11/22/17 20:30,133.1331207
11/22/17 21:00,130.9538435
11/22/17 21:30,128.0209876
11/22/17 22:00,125.5616548
11/22/17 22:30,122.4910006
11/22/17 23:00,119.1092008
11/22/17 23:30,115.8212803
11/23/17 0:00,112.7193562
11/23/17 0:30,109.7157931
11/23/17 1:00,107.6698084
11/23/17 1:30,105.9802778
11/23/17 2:00,105.1637988
11/23/17 2:30,104.5954746
11/23/17 3:00,103.8093273
11/23/17 3:30,103.446157
11/23/17 4:00,103.4189756
11/23/17 4:30,104.1017266
11/23/17 5:00,104.8072794
11/23/17 5:30,107.733356
11/23/17 6:00,108.3428518
11/23/17 6:30,110.7202008
11/23/17 7:00,112.285782
11/23/17 7:30,113.2593804
11/23/17 8:00,114.9471067
11/23/17 8:30,116.1427539
11/23/17 9:00,115.739897
11/23/17 9:30,115.4689638
11/23/17 10:00,115.6105704
11/23/17 10:30,115.9991091
11/23/17 11:00,115.4044205
11/23/17 11:30,114.8665844
11/23/17 12:00,114.829712
11/23/17 12:30,114.1363585
11/23/17 13:00,112.731845
11/23/17 13:30,111.3812872
11/23/17 14:00,110.648614
11/23/17 14:30,109.7915839
11/23/17 15:00,108.4125218
11/23/17 15:30,107.5184893
11/23/17 16:00,106.8853124
11/23/17 16:30,107.5866567
11/23/17 17:00,108.8626306
11/23/17 17:30,109.0080519
11/23/17 18:00,108.7259159
11/23/17 18:30,108.1570425
11/23/17 19:00,107.5140092
11/23/17 19:30,106.4197866
11/23/17 20:00,106.3926871
11/23/17 20:30,106.7586011
11/23/17 21:00,105.309442
11/23/17 21:30,104.1118343
11/23/17 22:00,103.8442108
11/23/17 22:30,103.0755415
11/23/17 23:00,102.1295914
11/23/17 23:30,100.9992738
11/24/17 0:00,100.5952149
11/24/17 0:30,99.25635152
11/24/17 1:00,98.57478128
11/24/17 1:30,97.91477996
11/24/17 2:00,97.46132747
11/24/17 2:30,97.07837993
11/24/17 3:00,97.65804223
11/24/17 3:30,97.62156645
11/24/17 4:00,98.68384722
11/24/17 4:30,99.41745449
11/24/17 5:00,101.0783711
11/24/17 5:30,105.6145209
11/24/17 6:00,107.9030164
11/24/17 6:30,111.9676046
11/24/17 7:00,114.0215327
11/24/17 7:30,116.9713455
11/24/17 8:00,118.4515953
11/24/17 8:30,121.0045639
11/24/17 9:00,121.1504686
11/24/17 9:30,121.1742226
11/24/17 10:00,120.8113234
11/24/17 10:30,121.3978898
11/24/17 11:00,121.4995223
11/24/17 11:30,120.9902681
11/24/17 12:00,120.8242216
11/24/17 12:30,120.385159
11/24/17 13:00,119.8320608
11/24/17 13:30,119.9107589
11/24/17 14:00,118.5281493
11/24/17 14:30,117.6640751
11/24/17 15:00,117.341444
11/24/17 15:30,117.2275677
11/24/17 16:00,116.6739562
11/24/17 16:30,118.374955
11/24/17 17:00,120.3206177
11/24/17 17:30,120.4962994
11/24/17 18:00,120.7233884
11/24/17 18:30,119.039731
11/24/17 19:00,118.479126
11/24/17 19:30,116.862348
11/24/17 20:00,116.3153183
11/24/17 20:30,115.6275845
11/24/17 21:00,114.1199354
11/24/17 21:30,112.3876878
11/24/17 22:00,110.3386929
11/24/17 22:30,107.9735246
11/24/17 23:00,105.3148873
11/24/17 23:30,102.8736391
11/25/17 0:00,101.3489978
11/25/17 0:30,98.14730884
11/25/17 1:00,96.22351022
11/25/17 1:30,94.590645
11/25/17 2:00,93.36224746
11/25/17 2:30,92.16530105
11/25/17 3:00,91.83557311
11/25/17 3:30,91.7362527
11/25/17 4:00,91.88392654
11/25/17 4:30,92.06272569
11/25/17 5:00,92.62011717
11/25/17 5:30,95.06638028
11/25/17 6:00,96.85679652
11/25/17 6:30,99.77999002
11/25/17 7:00,101.6179979
11/25/17 7:30,104.6273383
11/25/17 8:00,106.6945399
11/25/17 8:30,109.9903272
11/25/17 9:00,112.5002522
11/25/17 9:30,114.483129
11/25/17 10:00,115.813042
11/25/17 10:30,117.0972921
11/25/17 11:00,117.3643575
11/25/17 11:30,117.8505863
11/25/17 12:00,117.7196456
11/25/17 12:30,117.3029697
11/25/17 13:00,117.0395318
11/25/17 13:30,116.818591
11/25/17 14:00,115.7673117
11/25/17 14:30,114.9930327
11/25/17 15:00,115.0907999
11/25/17 15:30,114.143153
11/25/17 16:00,114.7006109
11/25/17 16:30,116.1407289
11/25/17 17:00,118.5738967
11/25/17 17:30,119.4022735
11/25/17 18:00,119.0803041
11/25/17 18:30,118.7219563
11/25/17 19:00,118.2099239
11/25/17 19:30,118.1122133
11/25/17 20:00,117.3839171
11/25/17 20:30,116.7462802
11/25/17 21:00,116.442098
11/25/17 21:30,115.0170922
11/25/17 22:00,113.8947727
11/25/17 22:30,111.7455351
11/25/17 23:00,109.0494679
11/25/17 23:30,107.0296676
11/26/17 0:00,105.3684751
11/26/17 0:30,103.4664318
11/26/17 1:00,101.3063997
11/26/17 1:30,99.39008358
11/26/17 2:00,98.67852108
11/26/17 2:30,98.24069832
11/26/17 3:00,98.08280384
11/26/17 3:30,97.62596141
11/26/17 4:00,97.648082
11/26/17 4:30,97.9831893
11/26/17 5:00,98.41309803
11/26/17 5:30,100.3034941
11/26/17 6:00,101.2850921
11/26/17 6:30,104.0290659
11/26/17 7:00,105.4104493
11/26/17 7:30,107.6435489
11/26/17 8:00,109.0447527
11/26/17 8:30,111.0021061
11/26/17 9:00,112.4519135
11/26/17 9:30,113.786557
11/26/17 10:00,114.6240784
11/26/17 10:30,116.574871
11/26/17 11:00,116.5350935
11/26/17 11:30,116.9907368
11/26/17 12:00,117.69812
11/26/17 12:30,117.5006898
11/26/17 13:00,117.4572776
11/26/17 13:30,116.4621378
11/26/17 14:00,116.4050154
11/26/17 14:30,116.1584709
11/26/17 15:00,116.0051279
11/26/17 15:30,116.0331876
11/26/17 16:00,116.3239001
11/26/17 16:30,117.7298551
11/26/17 17:00,120.4575125
11/26/17 17:30,121.9393775
11/26/17 18:00,122.2695802
11/26/17 18:30,122.0013072
11/26/17 19:00,121.419297
11/26/17 19:30,119.9179442
11/26/17 20:00,119.1204464
11/26/17 20:30,118.2669013
11/26/17 21:00,116.8383603
11/26/17 21:30,114.9623753
11/26/17 22:00,112.8605435
11/26/17 22:30,109.8792128
11/26/17 23:00,106.2592754
11/26/17 23:30,104.211631
11/27/17 0:00,101.1763633
11/27/17 0:30,98.50101933
11/27/17 1:00,96.50568741
11/27/17 1:30,95.3666796
11/27/17 2:00,94.99580231
11/27/17 2:30,94.93526715
11/27/17 3:00,94.49403355
11/27/17 3:30,94.3190634
11/27/17 4:00,95.2942654
11/27/17 4:30,98.69516987
11/27/17 5:00,101.0483454
11/27/17 5:30,104.2061611
11/27/17 6:00,108.492944
11/27/17 6:30,117.572282
11/27/17 7:00,123.7088709
11/27/17 7:30,128.5845159
11/27/17 8:00,132.1981756
11/27/17 8:30,133.728534
11/27/17 9:00,133.4805259
11/27/17 9:30,133.3490912
11/27/17 10:00,135.0341206
11/27/17 10:30,135.9801496
11/27/17 11:00,135.5497353
11/27/17 11:30,135.0481257
11/27/17 12:00,135.3177485
11/27/17 12:30,135.1382104
11/27/17 13:00,134.6355871
11/27/17 13:30,134.3873584
11/27/17 14:00,133.8565089
11/27/17 14:30,133.8658719
11/27/17 15:00,132.6653248
11/27/17 15:30,133.1333751
11/27/17 16:00,132.0248317
11/27/17 16:30,133.0986727
11/27/17 17:00,133.9084631
11/27/17 17:30,133.5984543
11/27/17 18:00,133.6798533
11/27/17 18:30,131.4927736
11/27/17 19:00,130.7780387
11/27/17 19:30,129.2762785
11/27/17 20:00,127.6618806
11/27/17 20:30,126.0238267
11/27/17 21:00,124.038818
11/27/17 21:30,120.5185672
11/27/17 22:00,117.3640238
11/27/17 22:30,113.2916208
11/27/17 23:00,109.1895149
11/27/17 23:30,105.3391125
11/28/17 0:00,101.7787887
11/28/17 0:30,98.69826066
11/28/17 1:00,95.54347781
11/28/17 1:30,93.99388613
11/28/17 2:00,93.11204573
11/28/17 2:30,92.44563811
11/28/17 3:00,91.7820276
11/28/17 3:30,91.86807542
11/28/17 4:00,92.51921992
11/28/17 4:30,93.82555427
11/28/17 5:00,96.15769734
11/28/17 5:30,101.5585631
11/28/17 6:00,105.5588584
11/28/17 6:30,111.8547632
11/28/17 7:00,118.1881272
11/28/17 7:30,123.6404064
11/28/17 8:00,126.8364944
11/28/17 8:30,130.3433943
11/28/17 9:00,132.5810625
11/28/17 9:30,133.044571
11/28/17 10:00,133.8848823
11/28/17 10:30,133.5774518
11/28/17 11:00,134.0402209
11/28/17 11:30,133.8753809
11/28/17 12:00,134.6697797
11/28/17 12:30,134.6972316
11/28/17 13:00,134.856986
11/28/17 13:30,134.3716577
11/28/17 14:00,134.2243335
11/28/17 14:30,133.857823
11/28/17 15:00,133.7532335
11/28/17 15:30,133.1376458
11/28/17 16:00,133.6260665
11/28/17 16:30,134.1831067
11/28/17 17:00,133.9927226
11/28/17 17:30,133.814956
11/28/17 18:00,132.5137632
11/28/17 18:30,130.9397083
11/28/17 19:00,129.836795
11/28/17 19:30,128.0438921
11/28/17 20:00,127.2077904
11/28/17 20:30,126.1957999
11/28/17 21:00,124.3240291
11/28/17 21:30,120.8261705
11/28/17 22:00,118.0637234
11/28/17 22:30,114.2036207
11/28/17 23:00,108.8646887
11/28/17 23:30,105.012208
11/29/17 0:00,101.5502096
11/29/17 0:30,99.16279815
11/29/17 1:00,96.89205192
11/29/17 1:30,95.36088032
11/29/17 2:00,94.55817436
11/29/17 2:30,94.57300187
11/29/17 3:00,93.84855233
11/29/17 3:30,93.70860737
11/29/17 4:00,94.88101289
11/29/17 4:30,96.05855874
11/29/17 5:00,98.43639337
11/29/17 5:30,103.7074855
11/29/17 6:00,108.4514041
11/29/17 6:30,115.9473722
11/29/17 7:00,121.4603566
11/29/17 7:30,126.9441801
11/29/17 8:00,129.8153378
11/29/17 8:30,131.8563833
11/29/17 9:00,134.0867134
11/29/17 9:30,134.4559084
11/29/17 10:00,135.6965126
11/29/17 10:30,136.26562
11/29/17 11:00,136.6152083
11/29/17 11:30,137.0436919
11/29/17 12:00,137.8593581
11/29/17 12:30,137.7508085
11/29/17 13:00,137.6038996
11/29/17 13:30,136.9198171
11/29/17 14:00,137.0150899
11/29/17 14:30,136.2063577
11/29/17 15:00,135.6147815
11/29/17 15:30,134.9536759
11/29/17 16:00,134.9763094
11/29/17 16:30,135.9250741
11/29/17 17:00,137.6669706
11/29/17 17:30,137.2481192
11/29/17 18:00,136.5304857
11/29/17 18:30,134.1140755
11/29/17 19:00,133.596474
11/29/17 19:30,132.0874318
11/29/17 20:00,131.2202282
11/29/17 20:30,129.9716645
11/29/17 21:00,127.9162069
11/29/17 21:30,124.6365899
11/29/17 22:00,121.267768
11/29/17 22:30,117.0409858
11/29/17 23:00,111.8616102
11/29/17 23:30,107.5017599
11/30/17 0:00,103.8110601
11/30/17 0:30,99.94110452
11/30/17 1:00,97.25539999
11/30/17 1:30,95.66973889
11/30/17 2:00,94.59842052
11/30/17 2:30,93.52413454
11/30/17 3:00,92.55806611
11/30/17 3:30,93.12932886
11/30/17 4:00,93.39281572
11/30/17 4:30,95.02406945
11/30/17 5:00,97.24553443
11/30/17 5:30,101.7253163
11/30/17 6:00,106.6985395
11/30/17 6:30,113.7165551
11/30/17 7:00,119.8041072
11/30/17 7:30,126.5875859
11/30/17 8:00,130.0053014
11/30/17 8:30,132.7712837
11/30/17 9:00,133.8356774
11/30/17 9:30,134.9256879
11/30/17 10:00,135.795842
11/30/17 10:30,136.3684046
11/30/17 11:00,136.2985032
11/30/17 11:30,136.8878337
11/30/17 12:00,136.8700331
11/30/17 12:30,137.1367146
11/30/17 13:00,136.2147609
11/30/17 13:30,136.2725645
11/30/17 14:00,135.3930426
11/30/17 14:30,135.3870756
11/30/17 15:00,134.3801671
11/30/17 15:30,134.0588713
11/30/17 16:00,132.9399141
11/30/17 16:30,133.8498866
11/30/17 17:00,135.1710175
11/30/17 17:30,134.9299969
11/30/17 18:00,134.4049062
11/30/17 18:30,132.0309651
11/30/17 19:00,131.0066905
11/30/17 19:30,129.8347095
11/30/17 20:00,128.9580386
11/30/17 20:30,127.4757022
11/30/17 21:00,126.4541041
11/30/17 21:30,123.1593779
11/30/17 22:00,120.5140602
11/30/17 22:30,117.0255044
11/30/17 23:00,112.7676443
11/30/17 23:30,108.9616901
12/1/17 0:00,105.4426349